"Station Name","MONTREAL INTL A"
"Province","QUEBEC"
"Latitude","45.47"
"Longitude","-73.74"
"Elevation","36.00"
"Climate Identifier","7025251"
"WMO Identifier","71627"
"TC Identifier","YUL"
"All times are specified in Local Standard Time (LST). Add 1 hour to adjust for Daylight Saving Time where and when it is observed."

"Legend"
"E","Estimated"
"M","Missing"
"NA","Not Available"
"‡","Partner data that is not subject to review by the National Climate Archives"

"Date/Time","Year","Month","Day","Time","Data Quality","Temp (°C)","Temp Flag","Dew Point Temp (°C)","Dew Point Temp Flag","Rel Hum (%)","Rel Hum Flag","Wind Dir (10s deg)","Wind Dir Flag","Wind Spd (km/h)","Wind Spd Flag","Visibility (km)","Visibility Flag","Stn Press (kPa)","Stn Press Flag","Hmdx","Hmdx Flag","Wind Chill","Wind Chill Flag","Weather"
"2013-05-01 00:00","2013","05","01","00:00","‡","14.9","","8.4","","65","","28","","3","","24.1","","102.07","","","","","","NA"
"2013-05-01 01:00","2013","05","01","01:00","‡","14.0","","8.0","","67","","16","","4","","24.1","","102.12","","","","","","Mainly Clear"
"2013-05-01 02:00","2013","05","01","02:00","‡","12.9","","8.0","","72","","18","","2","","24.1","","102.18","","","","","","NA"
"2013-05-01 03:00","2013","05","01","03:00","‡","12.0","","8.1","","77","","13","","5","","24.1","","102.25","","","","","","NA"
"2013-05-01 04:00","2013","05","01","04:00","‡","10.2","","7.6","","84","","21","","8","","24.1","","102.31","","","","","","Mainly Clear"
"2013-05-01 05:00","2013","05","01","05:00","‡","9.8","","8.1","","89","","10","","3","","48.3","","102.36","","","","","","NA"
"2013-05-01 06:00","2013","05","01","06:00","‡","12.6","","9.3","","80","","12","","5","","48.3","","102.44","","","","","","NA"
"2013-05-01 07:00","2013","05","01","07:00","‡","14.3","","10.0","","75","","36","","3","","48.3","","102.53","","","","","","Mainly Clear"
"2013-05-01 08:00","2013","05","01","08:00","‡","17.4","","10.4","","63","","15","","4","","48.3","","102.55","","","","","","NA"
"2013-05-01 09:00","2013","05","01","09:00","‡","19.2","","9.5","","53","","12","","3","","48.3","","102.55","","","","","","NA"
"2013-05-01 10:00","2013","05","01","10:00","‡","20.5","","9.6","","49","","22","","7","","24.1","","102.54","","","","","","Mainly Clear"
"2013-05-01 11:00","2013","05","01","11:00","‡","22.4","","10.7","","47","","17","","8","","24.1","","102.47","","","","","","NA"
"2013-05-01 12:00","2013","05","01","12:00","‡","22.9","","9.1","","41","","24","","3","","48.3","","102.44","","","","","","NA"
"2013-05-01 13:00","2013","05","01","13:00","‡","24.1","","8.7","","37","","14","","9","","48.3","","102.37","","25","","","","Mostly Cloudy"
"2013-05-01 14:00","2013","05","01","14:00","‡","25.4","","7.3","","31","","16","","19","","48.3","","102.32","","26","","","","NA"
"2013-05-01 15:00","2013","05","01","15:00","‡","25.9","","6.2","","28","","17","","10","","48.3","","102.30","","26","","","","NA"
"2013-05-01 16:00","2013","05","01","16:00","‡","25.3","","6.2","","29","","20","","5","","48.3","","102.32","","25","","","","Mostly Cloudy"
"2013-05-01 17:00","2013","05","01","17:00","‡","25.0","","4.4","","26","","10","","9","","48.3","","102.31","","","","","","NA"
"2013-05-01 18:00","2013","05","01","18:00","‡","24.7","","3.0","","24","","11","","4","","48.3","","102.32","","","","","","NA"
"2013-05-01 19:00","2013","05","01","19:00","‡","24.0","","4.1","","27","","12","","8","","48.3","","102.31","","","","","","Mainly Clear"
"2013-05-01 20:00","2013","05","01","20:00","‡","23.1","","4.8","","30","","9","","6","","24.1","","102.34","","","","","","NA"
"2013-05-01 21:00","2013","05","01","21:00","‡","21.0","","5.5","","36","","35","","3","","24.1","","102.37","","","","","","NA"
"2013-05-01 22:00","2013","05","01","22:00","‡","18.6","","6.6","","45","","12","","4","","24.1","","102.35","","","","","","Mainly Clear"
"2013-05-01 23:00","2013","05","01","23:00","‡","18.8","","5.8","","42","","8","","2","","24.1","","102.35","","","","","","NA"
"2013-05-02 00:00","2013","05","02","00:00","‡","16.2","","7.0","","54","","20","","8","","24.1","","102.37","","","","","","NA"
"2013-05-02 01:00","2013","05","02","01:00","‡","15.2","","6.8","","57","","26","","3","","24.1","","102.34","","","","","","Clear"
"2013-05-02 02:00","2013","05","02","02:00","‡","14.6","","6.3","","57","","36","","4","","24.1","","102.35","","","","","","NA"
"2013-05-02 03:00","2013","05","02","03:00","‡","14.2","","8.7","","69","","2","","16","","24.1","","102.35","","","","","","NA"
"2013-05-02 04:00","2013","05","02","04:00","‡","12.7","","8.8","","77","","3","","17","","24.1","","102.42","","","","","","Mainly Clear"
"2013-05-02 05:00","2013","05","02","05:00","‡","12.2","","7.9","","75","","1","","13","","24.1","","102.49","","","","","","NA"
"2013-05-02 06:00","2013","05","02","06:00","‡","13.1","","7.2","","67","","2","","14","","24.1","","102.54","","","","","","NA"
"2013-05-02 07:00","2013","05","02","07:00","‡","14.6","","7.2","","61","","36","","10","","24.1","","102.59","","","","","","Mainly Clear"
"2013-05-02 08:00","2013","05","02","08:00","‡","16.1","","7.1","","55","","36","","8","","24.1","","102.60","","","","","","NA"
"2013-05-02 09:00","2013","05","02","09:00","‡","18.2","","8.0","","51","","3","","7","","24.1","","102.60","","","","","","NA"
"2013-05-02 10:00","2013","05","02","10:00","‡","19.7","","8.2","","47","","6","","9","","24.1","","102.61","","","","","","Mostly Cloudy"
"2013-05-02 11:00","2013","05","02","11:00","‡","20.9","","8.3","","44","","6","","9","","24.1","","102.56","","","","","","NA"
"2013-05-02 12:00","2013","05","02","12:00","‡","22.0","","9.0","","43","","6","","10","","24.1","","102.48","","","","","","NA"
"2013-05-02 13:00","2013","05","02","13:00","‡","22.8","","8.7","","40","","3","","23","","24.1","","102.46","","","","","","Mostly Cloudy"
"2013-05-02 14:00","2013","05","02","14:00","‡","20.9","","8.0","","43","","36","","20","","24.1","","102.44","","","","","","NA"
"2013-05-02 15:00","2013","05","02","15:00","‡","24.3","","8.9","","37","","4","","24","","24.1","","102.36","","25","","","","NA"
"2013-05-02 16:00","2013","05","02","16:00","‡","24.4","","7.7","","34","","4","","24","","24.1","","102.31","","25","","","","Mainly Clear"
"2013-05-02 17:00","2013","05","02","17:00","‡","24.1","","7.0","","33","","6","","24","","24.1","","102.30","","","","","","NA"
"2013-05-02 18:00","2013","05","02","18:00","‡","23.4","","9.2","","40","","4","","24","","24.1","","102.29","","","","","","NA"
"2013-05-02 19:00","2013","05","02","19:00","‡","22.3","","8.6","","41","","5","","20","","24.1","","102.32","","","","","","Mostly Cloudy"
"2013-05-02 20:00","2013","05","02","20:00","‡","21.8","","7.4","","39","","6","","26","","24.1","","102.37","","","","","","NA"
"2013-05-02 21:00","2013","05","02","21:00","‡","17.2","","9.2","","59","","3","","24","","24.1","","102.40","","","","","","NA"
"2013-05-02 22:00","2013","05","02","22:00","‡","15.0","","8.5","","65","","4","","26","","24.1","","102.40","","","","","","Clear"
"2013-05-02 23:00","2013","05","02","23:00","‡","13.4","","8.1","","70","","3","","32","","24.1","","102.42","","","","","","NA"
"2013-05-03 00:00","2013","05","03","00:00","‡","11.9","","7.3","","73","","3","","29","","24.1","","102.43","","","","","","NA"
"2013-05-03 01:00","2013","05","03","01:00","‡","10.8","","6.6","","75","","3","","26","","24.1","","102.45","","","","","","Clear"
"2013-05-03 02:00","2013","05","03","02:00","‡","10.4","","6.2","","75","","4","","21","","24.1","","102.50","","","","","","NA"
"2013-05-03 03:00","2013","05","03","03:00","‡","9.8","","5.8","","76","","3","","23","","24.1","","102.55","","","","","","NA"
"2013-05-03 04:00","2013","05","03","04:00","‡","8.6","","5.5","","81","","3","","17","","24.1","","102.62","","","","","","Clear"
"2013-05-03 05:00","2013","05","03","05:00","‡","9.5","","5.1","","74","","6","","14","","48.3","","102.69","","","","","","NA"
"2013-05-03 06:00","2013","05","03","06:00","‡","12.6","","1.9","","48","","8","","12","","48.3","","102.75","","","","","","NA"
"2013-05-03 07:00","2013","05","03","07:00","‡","13.2","","1.0","","43","","11","","24","","48.3","","102.77","","","","","","Mainly Clear"
"2013-05-03 08:00","2013","05","03","08:00","‡","14.9","","1.5","","40","","13","","22","","48.3","","102.77","","","","","","NA"
"2013-05-03 09:00","2013","05","03","09:00","‡","16.4","","2.2","","38","","12","","22","","48.3","","102.75","","","","","","NA"
"2013-05-03 10:00","2013","05","03","10:00","‡","17.5","","2.4","","36","","11","","20","","48.3","","102.72","","","","","","Clear"
"2013-05-03 11:00","2013","05","03","11:00","‡","18.4","","2.4","","34","","6","","15","","48.3","","102.64","","","","","","NA"
"2013-05-03 12:00","2013","05","03","12:00","‡","19.4","","1.5","","30","","10","","17","","48.3","","102.56","","","","","","NA"
"2013-05-03 13:00","2013","05","03","13:00","‡","21.0","","2.0","","28","","11","","11","","48.3","","102.49","","","","","","Clear"
"2013-05-03 14:00","2013","05","03","14:00","‡","21.5","","1.4","","26","","8","","17","","48.3","","102.42","","","","","","NA"
"2013-05-03 15:00","2013","05","03","15:00","‡","21.9","","1.2","","25","","11","","17","","48.3","","102.34","","","","","","NA"
"2013-05-03 16:00","2013","05","03","16:00","‡","22.1","","0.8","","24","","12","","17","","48.3","","102.29","","","","","","Mainly Clear"
"2013-05-03 17:00","2013","05","03","17:00","‡","22.2","","0.9","","24","","11","","15","","48.3","","102.25","","","","","","NA"
"2013-05-03 18:00","2013","05","03","18:00","‡","21.8","","1.1","","25","","11","","12","","48.3","","102.22","","","","","","NA"
"2013-05-03 19:00","2013","05","03","19:00","‡","20.4","","1.4","","28","","10","","8","","48.3","","102.22","","","","","","Mainly Clear"
"2013-05-03 20:00","2013","05","03","20:00","‡","17.1","","4.5","","43","","4","","16","","24.1","","102.25","","","","","","NA"
"2013-05-03 21:00","2013","05","03","21:00","‡","17.2","","4.6","","43","","5","","17","","24.1","","102.24","","","","","","NA"
"2013-05-03 22:00","2013","05","03","22:00","‡","15.9","","4.7","","47","","5","","14","","24.1","","102.24","","","","","","Clear"
"2013-05-03 23:00","2013","05","03","23:00","‡","13.6","","4.8","","55","","3","","13","","24.1","","102.24","","","","","","NA"
"2013-05-04 00:00","2013","05","04","00:00","‡","14.2","","4.8","","53","","2","","6","","24.1","","102.23","","","","","","NA"
"2013-05-04 01:00","2013","05","04","01:00","‡","12.4","","5.1","","61","","36","","13","","24.1","","102.18","","","","","","Clear"
"2013-05-04 02:00","2013","05","04","02:00","‡","10.6","","4.8","","67","","2","","13","","24.1","","102.17","","","","","","NA"
"2013-05-04 03:00","2013","05","04","03:00","‡","10.5","","5.1","","69","","1","","10","","24.1","","102.18","","","","","","NA"
"2013-05-04 04:00","2013","05","04","04:00","‡","9.9","","4.9","","71","","1","","14","","24.1","","102.19","","","","","","Clear"
"2013-05-04 05:00","2013","05","04","05:00","‡","9.4","","4.6","","72","","2","","14","","48.3","","102.24","","","","","","NA"
"2013-05-04 06:00","2013","05","04","06:00","‡","11.0","","5.4","","68","","2","","12","","48.3","","102.28","","","","","","NA"
"2013-05-04 07:00","2013","05","04","07:00","‡","12.4","","5.4","","62","","3","","10","","48.3","","102.30","","","","","","Clear"
"2013-05-04 08:00","2013","05","04","08:00","‡","14.4","","5.6","","55","","3","","8","","48.3","","102.30","","","","","","NA"
"2013-05-04 09:00","2013","05","04","09:00","‡","16.7","","5.4","","47","","1","","3","","48.3","","102.29","","","","","","NA"
"2013-05-04 10:00","2013","05","04","10:00","‡","18.6","","4.5","","39","","8","","5","","48.3","","102.25","","","","","","Clear"
"2013-05-04 11:00","2013","05","04","11:00","‡","20.8","","5.7","","37","","26","","8","","48.3","","102.19","","","","","","NA"
"2013-05-04 12:00","2013","05","04","12:00","‡","21.6","","2.5","","28","","20","","5","","48.3","","102.12","","","","","","NA"
"2013-05-04 13:00","2013","05","04","13:00","‡","22.7","","3.5","","28","","24","","3","","48.3","","102.05","","","","","","Clear"
"2013-05-04 14:00","2013","05","04","14:00","‡","23.6","","3.2","","26","","21","","10","","48.3","","101.98","","","","","","NA"
"2013-05-04 15:00","2013","05","04","15:00","‡","23.5","","2.6","","25","","8","","4","","48.3","","101.90","","","","","","NA"
"2013-05-04 16:00","2013","05","04","16:00","‡","24.2","","2.0","","23","","20","","10","","48.3","","101.84","","","","","","Clear"
"2013-05-04 17:00","2013","05","04","17:00","‡","24.2","","3.2","","25","","17","","7","","48.3","","101.80","","","","","","NA"
"2013-05-04 18:00","2013","05","04","18:00","‡","23.5","","0.8","","22","","26","","6","","48.3","","101.78","","","","","","NA"
"2013-05-04 19:00","2013","05","04","19:00","‡","22.4","","1.6","","25","","31","","6","","48.3","","101.78","","","","","","Clear"
"2013-05-04 20:00","2013","05","04","20:00","‡","19.2","","3.1","","34","","33","","8","","24.1","","101.80","","","","","","NA"
"2013-05-04 21:00","2013","05","04","21:00","‡","18.8","","2.3","","33","","4","","8","","24.1","","101.79","","","","","","NA"
"2013-05-04 22:00","2013","05","04","22:00","‡","16.9","","2.6","","38","","3","","6","","24.1","","101.77","","","","","","Clear"
"2013-05-04 23:00","2013","05","04","23:00","‡","15.9","","3.8","","44","","2","","1","","24.1","","101.75","","","","","","NA"
"2013-05-05 00:00","2013","05","05","00:00","‡","14.2","","3.7","","49","","23","","5","","24.1","","101.74","","","","","","NA"
"2013-05-05 01:00","2013","05","05","01:00","‡","13.7","","5.9","","59","","19","","6","","24.1","","101.74","","","","","","Clear"
"2013-05-05 02:00","2013","05","05","02:00","‡","11.7","","5.2","","64","","28","","4","","24.1","","101.74","","","","","","NA"
"2013-05-05 03:00","2013","05","05","03:00","‡","12.4","","5.1","","61","","2","","7","","24.1","","101.72","","","","","","NA"
"2013-05-05 04:00","2013","05","05","04:00","‡","12.1","","4.6","","60","","12","","10","","24.1","","101.75","","","","","","Clear"
"2013-05-05 05:00","2013","05","05","05:00","‡","12.2","","4.5","","59","","10","","6","","48.3","","101.78","","","","","","NA"
"2013-05-05 06:00","2013","05","05","06:00","‡","13.2","","5.4","","59","","13","","9","","48.3","","101.83","","","","","","NA"
"2013-05-05 07:00","2013","05","05","07:00","‡","14.2","","6.1","","58","","16","","8","","48.3","","101.86","","","","","","Clear"
"2013-05-05 08:00","2013","05","05","08:00","‡","16.8","","6.4","","50","","17","","8","","48.3","","101.87","","","","","","NA"
"2013-05-05 09:00","2013","05","05","09:00","‡","19.2","","5.1","","39","","23","","3","","48.3","","101.84","","","","","","NA"
"2013-05-05 10:00","2013","05","05","10:00","‡","20.7","","5.3","","36","","18","","12","","48.3","","101.82","","","","","","Clear"
"2013-05-05 11:00","2013","05","05","11:00","‡","22.5","","4.7","","31","","23","","6","","48.3","","101.77","","","","","","NA"
"2013-05-05 12:00","2013","05","05","12:00","‡","24.0","","6.0","","31","","19","","4","","48.3","","101.69","","","","","","NA"
"2013-05-05 13:00","2013","05","05","13:00","‡","25.6","","4.4","","25","","22","","12","","48.3","","101.65","","25","","","","Clear"
"2013-05-05 14:00","2013","05","05","14:00","‡","26.0","","2.9","","22","","23","","12","","48.3","","101.60","","25","","","","NA"
"2013-05-05 15:00","2013","05","05","15:00","‡","26.2","","3.7","","23","","24","","12","","48.3","","101.54","","25","","","","NA"
"2013-05-05 16:00","2013","05","05","16:00","‡","26.2","","3.1","","22","","20","","12","","48.3","","101.48","","25","","","","Mainly Clear"
"2013-05-05 17:00","2013","05","05","17:00","‡","25.7","","2.0","","21","","11","","8","","48.3","","101.45","","","","","","NA"
"2013-05-05 18:00","2013","05","05","18:00","‡","25.4","","1.1","","20","","15","","8","","48.3","","101.44","","","","","","NA"
"2013-05-05 19:00","2013","05","05","19:00","‡","24.0","","1.2","","22","","15","","11","","48.3","","101.45","","","","","","Mainly Clear"
"2013-05-05 20:00","2013","05","05","20:00","‡","22.1","","3.4","","29","","15","","12","","24.1","","101.47","","","","","","NA"
"2013-05-05 21:00","2013","05","05","21:00","‡","20.3","","3.2","","32","","17","","11","","24.1","","101.49","","","","","","NA"
"2013-05-05 22:00","2013","05","05","22:00","‡","18.6","","4.5","","39","","24","","4","","24.1","","101.48","","","","","","Clear"
"2013-05-05 23:00","2013","05","05","23:00","‡","17.8","","4.5","","41","","23","","3","","24.1","","101.47","","","","","","NA"
"2013-05-06 00:00","2013","05","06","00:00","‡","17.9","","3.1","","37","","15","","8","","24.1","","101.49","","","","","","NA"
"2013-05-06 01:00","2013","05","06","01:00","‡","15.1","","3.3","","45","","12","","4","","24.1","","101.48","","","","","","Clear"
"2013-05-06 02:00","2013","05","06","02:00","‡","15.3","","2.9","","43","","14","","4","","24.1","","101.51","","","","","","NA"
"2013-05-06 03:00","2013","05","06","03:00","‡","14.2","","2.8","","46","","13","","13","","24.1","","101.52","","","","","","NA"
"2013-05-06 04:00","2013","05","06","04:00","‡","12.8","","3.3","","52","","16","","9","","24.1","","101.55","","","","","","Clear"
"2013-05-06 05:00","2013","05","06","05:00","‡","12.7","","3.2","","52","","14","","6","","48.3","","101.60","","","","","","NA"
"2013-05-06 06:00","2013","05","06","06:00","‡","13.9","","3.1","","48","","15","","8","","48.3","","101.67","","","","","","NA"
"2013-05-06 07:00","2013","05","06","07:00","‡","16.5","","4.3","","44","","19","","9","","48.3","","101.68","","","","","","Mainly Clear"
"2013-05-06 08:00","2013","05","06","08:00","‡","17.8","","3.8","","39","","22","","12","","48.3","","101.69","","","","","","NA"
"2013-05-06 09:00","2013","05","06","09:00","‡","21.0","","2.5","","29","","21","","19","","48.3","","101.67","","","","","","NA"
"2013-05-06 10:00","2013","05","06","10:00","‡","21.9","","4.6","","32","","21","","21","","48.3","","101.65","","","","","","Mainly Clear"
"2013-05-06 11:00","2013","05","06","11:00","‡","23.3","","2.9","","26","","20","","23","","48.3","","101.60","","","","","","NA"
"2013-05-06 12:00","2013","05","06","12:00","‡","24.0","","2.4","","24","","21","","21","","48.3","","101.53","","","","","","NA"
"2013-05-06 13:00","2013","05","06","13:00","‡","26.3","","3.2","","22","","21","","17","","48.3","","101.46","","25","","","","Mainly Clear"
"2013-05-06 14:00","2013","05","06","14:00","‡","26.2","","4.3","","24","","19","","19","","48.3","","101.40","","25","","","","NA"
"2013-05-06 15:00","2013","05","06","15:00","‡","26.5","","2.0","","20","","20","","14","","48.3","","101.31","","25","","","","NA"
"2013-05-06 16:00","2013","05","06","16:00","‡","26.6","","0.6","","18","","20","","21","","48.3","","101.24","","25","","","","Mainly Clear"
"2013-05-06 17:00","2013","05","06","17:00","‡","26.3","","1.8","","20","","21","","18","","48.3","","101.21","","25","","","","NA"
"2013-05-06 18:00","2013","05","06","18:00","‡","25.2","","2.2","","22","","21","","13","","48.3","","101.18","","","","","","NA"
"2013-05-06 19:00","2013","05","06","19:00","‡","22.7","","2.4","","26","","20","","13","","48.3","","101.18","","","","","","Clear"
"2013-05-06 20:00","2013","05","06","20:00","‡","21.9","","1.7","","26","","16","","15","","24.1","","101.22","","","","","","NA"
"2013-05-06 21:00","2013","05","06","21:00","‡","20.1","","1.7","","29","","17","","13","","24.1","","101.25","","","","","","NA"
"2013-05-06 22:00","2013","05","06","22:00","‡","18.1","","2.5","","35","","23","","9","","24.1","","101.26","","","","","","Clear"
"2013-05-06 23:00","2013","05","06","23:00","‡","18.5","","1.6","","32","","18","","6","","24.1","","101.26","","","","","","NA"
"2013-05-07 00:00","2013","05","07","00:00","‡","14.9","","3.5","","46","","22","","6","","24.1","","101.30","","","","","","NA"
"2013-05-07 01:00","2013","05","07","01:00","‡","14.8","","4.8","","51","","21","","6","","24.1","","101.30","","","","","","Clear"
"2013-05-07 02:00","2013","05","07","02:00","‡","13.7","","4.6","","54","","23","","9","","24.1","","101.31","","","","","","NA"
"2013-05-07 03:00","2013","05","07","03:00","‡","13.2","","3.4","","51","","23","","10","","24.1","","101.33","","","","","","NA"
"2013-05-07 04:00","2013","05","07","04:00","‡","13.0","","3.4","","52","","24","","9","","24.1","","101.35","","","","","","Clear"
"2013-05-07 05:00","2013","05","07","05:00","‡","12.9","","3.1","","51","","19","","11","","48.3","","101.39","","","","","","NA"
"2013-05-07 06:00","2013","05","07","06:00","‡","14.4","","5.0","","53","","20","","14","","48.3","","101.41","","","","","","NA"
"2013-05-07 07:00","2013","05","07","07:00","‡","15.5","","4.0","","46","","19","","12","","48.3","","101.47","","","","","","Mainly Clear"
"2013-05-07 08:00","2013","05","07","08:00","‡","16.9","","4.7","","44","","21","","13","","48.3","","101.48","","","","","","NA"
"2013-05-07 09:00","2013","05","07","09:00","‡","19.6","","6.1","","41","","22","","19","","48.3","","101.48","","","","","","NA"
"2013-05-07 10:00","2013","05","07","10:00","‡","21.2","","6.9","","39","","20","","17","","48.3","","101.48","","","","","","Mainly Clear"
"2013-05-07 11:00","2013","05","07","11:00","‡","22.5","","7.7","","38","","20","","18","","48.3","","101.43","","","","","","NA"
"2013-05-07 12:00","2013","05","07","12:00","‡","24.8","","7.7","","33","","21","","21","","48.3","","101.38","","25","","","","NA"
"2013-05-07 13:00","2013","05","07","13:00","‡","26.4","","6.2","","27","","19","","23","","48.3","","101.32","","26","","","","Mainly Clear"
"2013-05-07 14:00","2013","05","07","14:00","‡","27.1","","5.1","","24","","20","","23","","48.3","","101.27","","26","","","","NA"
"2013-05-07 15:00","2013","05","07","15:00","‡","27.4","","4.1","","22","","20","","22","","48.3","","101.22","","26","","","","NA"
"2013-05-07 16:00","2013","05","07","16:00","‡","27.6","","1.4","","18","","21","","19","","48.3","","101.20","","26","","","","Mainly Clear"
"2013-05-07 17:00","2013","05","07","17:00","‡","27.5","","3.5","","21","","20","","14","","48.3","","101.17","","26","","","","NA"
"2013-05-07 18:00","2013","05","07","18:00","‡","26.0","","2.9","","22","","21","","14","","48.3","","101.20","","25","","","","NA"
"2013-05-07 19:00","2013","05","07","19:00","‡","24.0","","3.0","","25","","22","","9","","48.3","","101.23","","","","","","Mainly Clear"
"2013-05-07 20:00","2013","05","07","20:00","‡","23.1","","2.2","","25","","21","","7","","24.1","","101.28","","","","","","NA"
"2013-05-07 21:00","2013","05","07","21:00","‡","20.2","","3.6","","33","","18","","9","","24.1","","101.31","","","","","","NA"
"2013-05-07 22:00","2013","05","07","22:00","‡","19.2","","4.7","","38","","28","","6","","24.1","","101.33","","","","","","Clear"
"2013-05-07 23:00","2013","05","07","23:00","‡","17.9","","3.5","","38","","3","","1","","24.1","","101.35","","","","","","NA"
"2013-05-08 00:00","2013","05","08","00:00","‡","16.3","","4.4","","45","","6","","3","","24.1","","101.35","","","","","","NA"
"2013-05-08 01:00","2013","05","08","01:00","‡","14.5","","6.4","","58","","29","","4","","24.1","","101.33","","","","","","Clear"
"2013-05-08 02:00","2013","05","08","02:00","‡","15.8","","7.1","","56","","17","","3","","24.1","","101.37","","","","","","NA"
"2013-05-08 03:00","2013","05","08","03:00","‡","14.4","","7.0","","61","","9","","4","","24.1","","101.38","","","","","","NA"
"2013-05-08 04:00","2013","05","08","04:00","‡","15.3","","6.7","","56","","11","","8","","24.1","","101.39","","","","","","Clear"
"2013-05-08 05:00","2013","05","08","05:00","‡","13.2","","6.8","","65","","7","","4","","48.3","","101.44","","","","","","NA"
"2013-05-08 06:00","2013","05","08","06:00","‡","16.0","","7.1","","55","","11","","8","","48.3","","101.50","","","","","","NA"
"2013-05-08 07:00","2013","05","08","07:00","‡","17.9","","6.5","","47","","11","","8","","48.3","","101.51","","","","","","Mainly Clear"
"2013-05-08 08:00","2013","05","08","08:00","‡","19.7","","7.2","","44","","15","","4","","48.3","","101.55","","","","","","NA"
"2013-05-08 09:00","2013","05","08","09:00","‡","22.4","","9.7","","44","","22","","6","","48.3","","101.54","","","","","","NA"
"2013-05-08 10:00","2013","05","08","10:00","‡","24.7","","8.0","","34","","21","","3","","48.3","","101.47","","25","","","","Mainly Clear"
"2013-05-08 11:00","2013","05","08","11:00","‡","26.7","","8.9","","32","","14","","17","","48.3","","101.41","","27","","","","NA"
"2013-05-08 12:00","2013","05","08","12:00","‡","27.7","","7.3","","27","","13","","24","","48.3","","101.34","","28","","","","NA"
"2013-05-08 13:00","2013","05","08","13:00","‡","27.5","","6.6","","26","","15","","32","","48.3","","101.30","","27","","","","Mostly Cloudy"
"2013-05-08 14:00","2013","05","08","14:00","‡","27.6","","7.7","","28","","15","","24","","48.3","","101.22","","28","","","","NA"
"2013-05-08 15:00","2013","05","08","15:00","‡","27.7","","5.6","","24","","16","","28","","48.3","","101.14","","27","","","","NA"
"2013-05-08 16:00","2013","05","08","16:00","‡","27.3","","9.0","","31","","16","","31","","48.3","","101.09","","28","","","","Mainly Clear"
"2013-05-08 17:00","2013","05","08","17:00","‡","26.0","","10.0","","36","","15","","29","","48.3","","101.08","","27","","","","NA"
"2013-05-08 18:00","2013","05","08","18:00","‡","24.9","","10.6","","40","","15","","32","","48.3","","101.08","","26","","","","NA"
"2013-05-08 19:00","2013","05","08","19:00","‡","21.6","","11.8","","53","","16","","32","","24.1","","101.17","","","","","","Mostly Cloudy"
"2013-05-08 20:00","2013","05","08","20:00","‡","20.3","","12.9","","62","","17","","27","","24.1","","101.23","","","","","","Rain Showers"
"2013-05-08 21:00","2013","05","08","21:00","‡","19.8","","13.1","","65","","14","","14","","24.1","","101.22","","","","","","NA"
"2013-05-08 22:00","2013","05","08","22:00","‡","19.2","","13.7","","70","","16","","22","","24.1","","101.22","","","","","","Cloudy"
"2013-05-08 23:00","2013","05","08","23:00","‡","18.5","","14.5","","77","","16","","21","","24.1","","101.17","","","","","","Rain Showers"
"2013-05-09 00:00","2013","05","09","00:00","‡","17.1","","15.5","","90","","16","","14","","24.1","","101.12","","","","","","Rain"
"2013-05-09 01:00","2013","05","09","01:00","‡","17.0","","15.2","","89","","12","","14","","24.1","","101.02","","","","","","Cloudy"
"2013-05-09 02:00","2013","05","09","02:00","‡","17.1","","15.1","","88","","12","","15","","24.1","","100.98","","","","","","NA"
"2013-05-09 03:00","2013","05","09","03:00","‡","16.9","","15.1","","89","","13","","15","","24.1","","100.94","","","","","","NA"
"2013-05-09 04:00","2013","05","09","04:00","‡","16.7","","15.1","","90","","15","","12","","19.3","","100.92","","","","","","Rain Showers"
"2013-05-09 05:00","2013","05","09","05:00","‡","16.4","","15.0","","91","","14","","9","","48.3","","100.91","","","","","","NA"
"2013-05-09 06:00","2013","05","09","06:00","‡","16.5","","14.9","","90","","14","","13","","48.3","","100.92","","","","","","NA"
"2013-05-09 07:00","2013","05","09","07:00","‡","16.8","","15.0","","89","","16","","14","","48.3","","100.94","","","","","","Cloudy"
"2013-05-09 08:00","2013","05","09","08:00","‡","18.1","","15.8","","86","","19","","6","","48.3","","100.91","","","","","","NA"
"2013-05-09 09:00","2013","05","09","09:00","‡","20.0","","15.5","","75","","20","","6","","48.3","","100.88","","","","","","NA"
"2013-05-09 10:00","2013","05","09","10:00","‡","21.3","","13.8","","62","","24","","2","","48.3","","100.84","","25","","","","Mostly Cloudy"
"2013-05-09 11:00","2013","05","09","11:00","‡","22.5","","11.4","","49","","22","","9","","48.3","","100.79","","","","","","NA"
"2013-05-09 12:00","2013","05","09","12:00","‡","23.1","","12.6","","51","","16","","14","","24.1","","100.73","","26","","","","NA"
"2013-05-09 13:00","2013","05","09","13:00","‡","23.0","","10.9","","46","","22","","9","","48.3","","100.68","","25","","","","Cloudy"
"2013-05-09 14:00","2013","05","09","14:00","‡","23.8","","10.7","","43","","21","","11","","48.3","","100.63","","25","","","","NA"
"2013-05-09 15:00","2013","05","09","15:00","‡","24.0","","9.4","","39","","20","","15","","48.3","","100.58","","25","","","","NA"
"2013-05-09 16:00","2013","05","09","16:00","‡","23.1","","10.4","","44","","23","","17","","48.3","","100.59","","25","","","","Mostly Cloudy"
"2013-05-09 17:00","2013","05","09","17:00","‡","22.8","","10.4","","45","","21","","15","","48.3","","100.55","","","","","","NA"
"2013-05-09 18:00","2013","05","09","18:00","‡","22.5","","10.5","","46","","25","","10","","24.1","","100.57","","","","","","NA"
"2013-05-09 19:00","2013","05","09","19:00","‡","21.6","","11.2","","51","","32","","15","","24.1","","100.64","","","","","","Mostly Cloudy"
"2013-05-09 20:00","2013","05","09","20:00","‡","20.3","","11.4","","56","","35","","11","","24.1","","100.68","","","","","","NA"
"2013-05-09 21:00","2013","05","09","21:00","‡","19.9","","11.8","","59","","34","","9","","24.1","","100.75","","","","","","NA"
"2013-05-09 22:00","2013","05","09","22:00","‡","19.5","","12.4","","63","","34","","11","","24.1","","100.75","","","","","","Cloudy"
"2013-05-09 23:00","2013","05","09","23:00","‡","19.3","","13.3","","68","","34","","8","","24.1","","100.75","","","","","","NA"
"2013-05-10 00:00","2013","05","10","00:00","‡","18.5","","12.6","","68","","34","","16","","24.1","","100.79","","","","","","NA"
"2013-05-10 01:00","2013","05","10","01:00","‡","17.8","","10.8","","63","","35","","13","","24.1","","100.81","","","","","","Cloudy"
"2013-05-10 02:00","2013","05","10","02:00","‡","16.8","","11.2","","69","","36","","10","","24.1","","100.82","","","","","","NA"
"2013-05-10 03:00","2013","05","10","03:00","‡","16.3","","10.7","","69","","34","","12","","24.1","","100.91","","","","","","NA"
"2013-05-10 04:00","2013","05","10","04:00","‡","14.9","","10.6","","75","","36","","24","","24.1","","100.96","","","","","","Mainly Clear"
"2013-05-10 05:00","2013","05","10","05:00","‡","12.8","","7.1","","68","","3","","18","","48.3","","101.03","","","","","","NA"
"2013-05-10 06:00","2013","05","10","06:00","‡","12.1","","4.9","","61","","2","","22","","48.3","","101.10","","","","","","NA"
"2013-05-10 07:00","2013","05","10","07:00","‡","12.6","","3.3","","53","","2","","29","","48.3","","101.16","","","","","","Mainly Clear"
"2013-05-10 08:00","2013","05","10","08:00","‡","13.0","","3.2","","51","","3","","18","","24.1","","101.21","","","","","","NA"
"2013-05-10 09:00","2013","05","10","09:00","‡","14.1","","4.7","","53","","4","","15","","24.1","","101.19","","","","","","NA"
"2013-05-10 10:00","2013","05","10","10:00","‡","15.3","","4.4","","48","","4","","15","","24.1","","101.22","","","","","","Cloudy"
"2013-05-10 11:00","2013","05","10","11:00","‡","17.1","","4.9","","44","","5","","19","","24.1","","101.14","","","","","","NA"
"2013-05-10 12:00","2013","05","10","12:00","‡","17.9","","5.3","","43","","3","","10","","24.1","","101.07","","","","","","NA"
"2013-05-10 13:00","2013","05","10","13:00","‡","19.2","","7.1","","45","","5","","10","","24.1","","101.04","","","","","","Mostly Cloudy"
"2013-05-10 14:00","2013","05","10","14:00","‡","19.9","","6.8","","42","","5","","13","","24.1","","100.97","","","","","","NA"
"2013-05-10 15:00","2013","05","10","15:00","‡","19.5","","7.1","","44","","4","","13","","24.1","","100.89","","","","","","NA"
"2013-05-10 16:00","2013","05","10","16:00","‡","19.7","","6.2","","41","","5","","17","","24.1","","100.83","","","","","","Cloudy"
"2013-05-10 17:00","2013","05","10","17:00","‡","19.2","","6.1","","42","","6","","25","","24.1","","100.70","","","","","","Rain Showers"
"2013-05-10 18:00","2013","05","10","18:00","‡","18.4","","5.7","","43","","6","","26","","24.1","","100.72","","","","","","NA"
"2013-05-10 19:00","2013","05","10","19:00","‡","16.2","","7.2","","55","","5","","25","","24.1","","100.68","","","","","","Rain"
"2013-05-10 20:00","2013","05","10","20:00","‡","16.1","","6.3","","52","","5","","26","","24.1","","100.61","","","","","","NA"
"2013-05-10 21:00","2013","05","10","21:00","‡","14.8","","6.4","","57","","3","","27","","24.1","","100.61","","","","","","Rain Showers"
"2013-05-10 22:00","2013","05","10","22:00","‡","12.4","","6.7","","68","","4","","36","","24.1","","100.48","","","","","","Rain"
"2013-05-10 23:00","2013","05","10","23:00","‡","11.0","","7.9","","81","","4","","19","","24.1","","100.40","","","","","","NA"
"2013-05-11 00:00","2013","05","11","00:00","‡","11.5","","9.4","","87","","2","","15","","24.1","","100.31","","","","","","NA"
"2013-05-11 01:00","2013","05","11","01:00","‡","11.7","","9.5","","86","","4","","15","","24.1","","100.26","","","","","","Rain"
"2013-05-11 02:00","2013","05","11","02:00","‡","10.9","","10.0","","94","","4","","18","","24.1","","100.15","","","","","","Rain"
"2013-05-11 03:00","2013","05","11","03:00","‡","10.7","","10.1","","96","","5","","15","","16.1","","100.07","","","","","","Rain"
"2013-05-11 04:00","2013","05","11","04:00","‡","10.6","","10.2","","97","","2","","13","","4.8","","99.94","","","","","","Rain"
"2013-05-11 05:00","2013","05","11","05:00","‡","10.9","","10.1","","95","","28","","18","","12.9","","99.93","","","","","","Rain"
"2013-05-11 06:00","2013","05","11","06:00","‡","10.6","","10.2","","97","","4","","5","","16.1","","99.92","","","","","","Rain"
"2013-05-11 07:00","2013","05","11","07:00","‡","12.3","","11.7","","96","","","","0","","12.9","","99.87","","","","","","Rain"
"2013-05-11 08:00","2013","05","11","08:00","‡","14.8","","14.0","","95","","21","","9","","19.3","","99.86","","","","","","NA"
"2013-05-11 09:00","2013","05","11","09:00","‡","16.6","","15.1","","91","","18","","13","","24.1","","99.80","","","","","","Rain"
"2013-05-11 10:00","2013","05","11","10:00","‡","17.2","","15.4","","89","","21","","21","","24.1","","99.77","","","","","","Cloudy"
"2013-05-11 11:00","2013","05","11","11:00","‡","16.9","","14.9","","88","","24","","30","","24.1","","99.73","","","","","","Rain Showers"
"2013-05-11 12:00","2013","05","11","12:00","‡","16.8","","13.2","","79","","23","","42","","24.1","","99.75","","","","","","NA"
"2013-05-11 13:00","2013","05","11","13:00","‡","15.6","","11.2","","75","","24","","43","","24.1","","99.81","","","","","","Cloudy"
"2013-05-11 14:00","2013","05","11","14:00","‡","13.1","","10.5","","84","","25","","33","","24.1","","99.89","","","","","","Drizzle"
"2013-05-11 15:00","2013","05","11","15:00","‡","13.0","","9.9","","81","","25","","30","","24.1","","99.90","","","","","","Moderate Drizzle"
"2013-05-11 16:00","2013","05","11","16:00","‡","13.0","","9.7","","80","","26","","32","","24.1","","99.96","","","","","","Cloudy"
"2013-05-11 17:00","2013","05","11","17:00","‡","12.9","","9.8","","81","","23","","24","","24.1","","100.00","","","","","","NA"
"2013-05-11 18:00","2013","05","11","18:00","‡","12.3","","9.9","","85","","22","","22","","24.1","","100.05","","","","","","NA"
"2013-05-11 19:00","2013","05","11","19:00","‡","12.4","","9.8","","84","","24","","18","","24.1","","100.12","","","","","","Mostly Cloudy"
"2013-05-11 20:00","2013","05","11","20:00","‡","11.7","","10.5","","92","","24","","12","","24.1","","100.14","","","","","","NA"
"2013-05-11 21:00","2013","05","11","21:00","‡","12.0","","10.3","","89","","23","","16","","24.1","","100.16","","","","","","NA"
"2013-05-11 22:00","2013","05","11","22:00","‡","11.7","","8.4","","80","","23","","26","","24.1","","100.12","","","","","","Cloudy"
"2013-05-11 23:00","2013","05","11","23:00","‡","11.6","","7.7","","77","","24","","27","","24.1","","100.11","","","","","","NA"
"2013-05-12 00:00","2013","05","12","00:00","‡","11.4","","7.4","","76","","23","","28","","24.1","","100.10","","","","","","NA"
"2013-05-12 01:00","2013","05","12","01:00","‡","11.2","","7.5","","78","","22","","20","","24.1","","100.05","","","","","","Cloudy"
"2013-05-12 02:00","2013","05","12","02:00","‡","11.0","","7.3","","78","","23","","23","","24.1","","100.02","","","","","","NA"
"2013-05-12 03:00","2013","05","12","03:00","‡","10.9","","7.6","","80","","23","","16","","24.1","","99.96","","","","","","NA"
"2013-05-12 04:00","2013","05","12","04:00","‡","10.4","","7.7","","83","","23","","19","","24.1","","99.91","","","","","","Mainly Clear"
"2013-05-12 05:00","2013","05","12","05:00","‡","10.9","","7.8","","81","","21","","15","","24.1","","99.95","","","","","","NA"
"2013-05-12 06:00","2013","05","12","06:00","‡","11.1","","7.6","","79","","21","","15","","24.1","","99.85","","","","","","NA"
"2013-05-12 07:00","2013","05","12","07:00","‡","12.4","","7.5","","72","","22","","26","","24.1","","99.84","","","","","","Mainly Clear"
"2013-05-12 08:00","2013","05","12","08:00","‡","10.9","","9.0","","88","","20","","19","","19.3","","99.89","","","","","","Rain Showers"
"2013-05-12 09:00","2013","05","12","09:00","‡","9.7","","7.8","","88","","23","","36","","24.1","","99.88","","","","","","Rain Showers"
"2013-05-12 10:00","2013","05","12","10:00","‡","12.2","","4.7","","60","","23","","40","","24.1","","99.89","","","","","","Cloudy"
"2013-05-12 11:00","2013","05","12","11:00","‡","11.9","","2.9","","54","","22","","43","","24.1","","99.92","","","","","","NA"
"2013-05-12 12:00","2013","05","12","12:00","‡","12.1","","2.3","","51","","23","","39","","48.3","","99.93","","","","","","NA"
"2013-05-12 13:00","2013","05","12","13:00","‡","12.4","","-0.1","","42","","22","","48","","48.3","","99.95","","","","","","Mainly Clear"
"2013-05-12 14:00","2013","05","12","14:00","‡","12.7","","-0.5","","40","","22","","46","","48.3","","99.93","","","","","","NA"
"2013-05-12 15:00","2013","05","12","15:00","‡","12.7","","-0.5","","40","","22","","45","","48.3","","99.97","","","","","","NA"
"2013-05-12 16:00","2013","05","12","16:00","‡","12.4","","-3.8","","32","","24","","48","","48.3","","99.97","","","","","","Mainly Clear"
"2013-05-12 17:00","2013","05","12","17:00","‡","11.8","","-3.5","","34","","24","","45","","48.3","","99.99","","","","","","NA"
"2013-05-12 18:00","2013","05","12","18:00","‡","10.2","","-2.4","","41","","23","","48","","24.1","","100.03","","","","","","NA"
"2013-05-12 19:00","2013","05","12","19:00","‡","7.7","","-0.5","","56","","25","","36","","48.3","","100.07","","","","","","Mainly Clear"
"2013-05-12 20:00","2013","05","12","20:00","‡","7.9","","0.6","","60","","24","","27","","24.1","","100.08","","","","","","NA"
"2013-05-12 21:00","2013","05","12","21:00","‡","5.2","","2.7","","84","","23","","34","","24.1","","100.15","","","","","","Rain Showers"
"2013-05-12 22:00","2013","05","12","22:00","‡","5.2","","1.7","","78","","21","","43","","24.1","","100.13","","","","","","Mostly Cloudy"
"2013-05-12 23:00","2013","05","12","23:00","‡","4.9","","-0.1","","70","","22","","44","","24.1","","100.13","","","","","","NA"
"2013-05-13 00:00","2013","05","13","00:00","‡","3.5","","-0.3","","76","","23","","37","","16.1","","100.14","","","","","","Rain Showers"
"2013-05-13 01:00","2013","05","13","01:00","‡","4.2","","0.2","","75","","23","","31","","24.1","","100.14","","","","","","Mainly Clear"
"2013-05-13 02:00","2013","05","13","02:00","‡","4.0","","-1.8","","66","","23","","38","","24.1","","100.12","","","","","","NA"
"2013-05-13 03:00","2013","05","13","03:00","‡","4.3","","-0.1","","73","","23","","35","","24.1","","100.13","","","","","","NA"
"2013-05-13 04:00","2013","05","13","04:00","‡","4.1","","-0.9","","70","","23","","46","","24.1","","100.15","","","","","","Mostly Cloudy"
"2013-05-13 05:00","2013","05","13","05:00","‡","4.5","","-1.3","","66","","24","","44","","24.1","","100.20","","","","","","NA"
"2013-05-13 06:00","2013","05","13","06:00","‡","4.4","","-0.6","","70","","24","","49","","24.1","","100.28","","","","","","NA"
"2013-05-13 07:00","2013","05","13","07:00","‡","4.9","","-0.3","","69","","24","","30","","48.3","","100.37","","","","","","Rain Showers"
"2013-05-13 08:00","2013","05","13","08:00","‡","5.8","","-0.9","","62","","24","","35","","48.3","","100.45","","","","","","NA"
"2013-05-13 09:00","2013","05","13","09:00","‡","5.8","","-0.7","","63","","23","","27","","24.1","","100.50","","","","","","Rain Showers"
"2013-05-13 10:00","2013","05","13","10:00","‡","6.3","","-1.4","","58","","23","","40","","24.1","","100.58","","","","","","Cloudy"
"2013-05-13 11:00","2013","05","13","11:00","‡","7.1","","-1.8","","53","","24","","37","","24.1","","100.67","","","","","","Rain Showers"
"2013-05-13 12:00","2013","05","13","12:00","‡","7.6","","-2.2","","50","","24","","35","","24.1","","100.74","","","","","","NA"
"2013-05-13 13:00","2013","05","13","13:00","‡","9.0","","-1.1","","49","","23","","39","","24.1","","100.78","","","","","","Mostly Cloudy"
"2013-05-13 14:00","2013","05","13","14:00","‡","8.6","","-2.7","","45","","24","","41","","24.1","","100.81","","","","","","Rain Showers"
"2013-05-13 15:00","2013","05","13","15:00","‡","10.2","","-1.5","","44","","25","","31","","24.1","","100.82","","","","","","NA"
"2013-05-13 16:00","2013","05","13","16:00","‡","9.1","","-1.6","","47","","22","","36","","24.1","","100.84","","","","","","Mostly Cloudy"
"2013-05-13 17:00","2013","05","13","17:00","‡","8.7","","-0.6","","52","","23","","32","","24.1","","100.89","","","","","","NA"
"2013-05-13 18:00","2013","05","13","18:00","‡","9.2","","-3.7","","40","","28","","35","","24.1","","100.98","","","","","","NA"
"2013-05-13 19:00","2013","05","13","19:00","‡","7.9","","-4.5","","41","","29","","24","","24.1","","101.08","","","","","","Mainly Clear"
"2013-05-13 20:00","2013","05","13","20:00","‡","6.6","","-3.6","","48","","31","","8","","24.1","","101.12","","","","","","NA"
"2013-05-13 21:00","2013","05","13","21:00","‡","5.9","","-2.7","","54","","34","","7","","24.1","","101.20","","","","","","NA"
"2013-05-13 22:00","2013","05","13","22:00","‡","4.6","","-1.4","","65","","34","","10","","24.1","","101.27","","","","","","Clear"
"2013-05-13 23:00","2013","05","13","23:00","‡","3.8","","-1.0","","71","","33","","8","","24.1","","101.31","","","","","","NA"
"2013-05-14 00:00","2013","05","14","00:00","‡","4.0","","-2.0","","65","","35","","2","","24.1","","101.35","","","","","","NA"
"2013-05-14 01:00","2013","05","14","01:00","‡","1.4","","-1.8","","79","","21","","4","","24.1","","101.36","","","","","","Clear"
"2013-05-14 02:00","2013","05","14","02:00","‡","1.5","","-1.8","","79","","25","","5","","24.1","","101.38","","","","","","NA"
"2013-05-14 03:00","2013","05","14","03:00","‡","0.7","","-1.5","","85","","24","","4","","24.1","","101.40","","","","","","NA"
"2013-05-14 04:00","2013","05","14","04:00","‡","1.1","","-1.1","","85","","26","","6","","24.1","","101.43","","","","","","Mostly Cloudy"
"2013-05-14 05:00","2013","05","14","05:00","‡","1.8","","-1.3","","80","","24","","1","","24.1","","101.45","","","","","","NA"
"2013-05-14 06:00","2013","05","14","06:00","‡","4.6","","0.6","","75","","29","","4","","48.3","","101.51","","","","","","NA"
"2013-05-14 07:00","2013","05","14","07:00","‡","6.7","","-2.2","","53","","25","","8","","48.3","","101.53","","","","","","Mainly Clear"
"2013-05-14 08:00","2013","05","14","08:00","‡","8.0","","-1.8","","50","","20","","12","","48.3","","101.51","","","","","","NA"
"2013-05-14 09:00","2013","05","14","09:00","‡","9.3","","-2.0","","45","","22","","15","","48.3","","101.47","","","","","","NA"
"2013-05-14 10:00","2013","05","14","10:00","‡","10.5","","-4.7","","34","","26","","15","","48.3","","101.43","","","","","","Mainly Clear"
"2013-05-14 11:00","2013","05","14","11:00","‡","11.2","","-4.1","","34","","22","","27","","48.3","","101.40","","","","","","NA"
"2013-05-14 12:00","2013","05","14","12:00","‡","12.0","","-4.2","","32","","21","","21","","48.3","","101.37","","","","","","NA"
"2013-05-14 13:00","2013","05","14","13:00","‡","13.5","","-3.7","","30","","22","","23","","48.3","","101.33","","","","","","Mainly Clear"
"2013-05-14 14:00","2013","05","14","14:00","‡","13.1","","-2.8","","33","","18","","20","","48.3","","101.30","","","","","","NA"
"2013-05-14 15:00","2013","05","14","15:00","‡","13.6","","-5.0","","27","","25","","15","","48.3","","101.21","","","","","","NA"
"2013-05-14 16:00","2013","05","14","16:00","‡","13.9","","-5.8","","25","","28","","18","","48.3","","101.17","","","","","","Mainly Clear"
"2013-05-14 17:00","2013","05","14","17:00","‡","13.8","","-5.3","","26","","27","","14","","48.3","","101.13","","","","","","NA"
"2013-05-14 18:00","2013","05","14","18:00","‡","13.6","","-5.0","","27","","24","","13","","48.3","","101.10","","","","","","NA"
"2013-05-14 19:00","2013","05","14","19:00","‡","12.1","","-3.3","","34","","23","","10","","48.3","","101.09","","","","","","Clear"
"2013-05-14 20:00","2013","05","14","20:00","‡","10.0","","-1.7","","44","","23","","11","","24.1","","101.13","","","","","","NA"
"2013-05-14 21:00","2013","05","14","21:00","‡","9.5","","-1.8","","45","","22","","10","","24.1","","101.17","","","","","","NA"
"2013-05-14 22:00","2013","05","14","22:00","‡","9.3","","-1.7","","46","","21","","10","","24.1","","101.15","","","","","","Clear"
"2013-05-14 23:00","2013","05","14","23:00","‡","8.9","","-1.2","","49","","23","","17","","24.1","","101.16","","","","","","NA"
"2013-05-15 00:00","2013","05","15","00:00","‡","7.0","","-0.7","","58","","24","","10","","24.1","","101.16","","","","","","NA"
"2013-05-15 01:00","2013","05","15","01:00","‡","6.9","","-0.5","","59","","24","","11","","24.1","","101.13","","","","","","Clear"
"2013-05-15 02:00","2013","05","15","02:00","‡","6.1","","-0.4","","63","","24","","9","","24.1","","101.11","","","","","","NA"
"2013-05-15 03:00","2013","05","15","03:00","‡","5.5","","-0.1","","67","","21","","10","","24.1","","101.10","","","","","","NA"
"2013-05-15 04:00","2013","05","15","04:00","‡","5.3","","-0.5","","66","","21","","8","","24.1","","101.09","","","","","","Clear"
"2013-05-15 05:00","2013","05","15","05:00","‡","5.3","","2.0","","79","","14","","9","","48.3","","101.08","","","","","","NA"
"2013-05-15 06:00","2013","05","15","06:00","‡","7.7","","0.0","","58","","12","","10","","48.3","","101.01","","","","","","NA"
"2013-05-15 07:00","2013","05","15","07:00","‡","9.3","","-0.8","","49","","11","","13","","48.3","","100.91","","","","","","Mainly Clear"
"2013-05-15 08:00","2013","05","15","08:00","‡","11.1","","1.7","","52","","13","","17","","48.3","","100.81","","","","","","NA"
"2013-05-15 09:00","2013","05","15","09:00","‡","13.5","","-0.1","","39","","14","","26","","48.3","","100.62","","","","","","NA"
"2013-05-15 10:00","2013","05","15","10:00","‡","14.3","","-0.9","","35","","14","","32","","48.3","","100.45","","","","","","Mostly Cloudy"
"2013-05-15 11:00","2013","05","15","11:00","‡","15.5","","-0.2","","34","","14","","31","","48.3","","100.35","","","","","","NA"
"2013-05-15 12:00","2013","05","15","12:00","‡","16.8","","0.1","","32","","14","","30","","48.3","","100.17","","","","","","NA"
"2013-05-15 13:00","2013","05","15","13:00","‡","16.5","","0.7","","34","","15","","35","","24.1","","99.90","","","","","","Rain Showers"
"2013-05-15 14:00","2013","05","15","14:00","‡","15.0","","3.3","","45","","14","","31","","24.1","","99.69","","","","","","Rain Showers"
"2013-05-15 15:00","2013","05","15","15:00","‡","12.0","","7.2","","72","","14","","35","","24.1","","99.69","","","","","","Rain Showers"
"2013-05-15 16:00","2013","05","15","16:00","‡","10.9","","8.2","","83","","16","","25","","12.9","","99.61","","","","","","Rain Showers"
"2013-05-15 17:00","2013","05","15","17:00","‡","11.6","","8.1","","79","","16","","26","","12.9","","99.52","","","","","","Rain Showers"
"2013-05-15 18:00","2013","05","15","18:00","‡","11.2","","9.0","","86","","15","","14","","12.9","","99.53","","","","","","Rain Showers"
"2013-05-15 19:00","2013","05","15","19:00","‡","11.7","","8.8","","82","","19","","8","","24.1","","99.59","","","","","","Cloudy"
"2013-05-15 20:00","2013","05","15","20:00","‡","11.1","","8.9","","86","","24","","11","","24.1","","99.67","","","","","","NA"
"2013-05-15 21:00","2013","05","15","21:00","‡","10.3","","8.6","","89","","24","","13","","24.1","","99.76","","","","","","NA"
"2013-05-15 22:00","2013","05","15","22:00","‡","11.1","","8.3","","83","","24","","10","","24.1","","99.73","","","","","","Clear"
"2013-05-15 23:00","2013","05","15","23:00","‡","10.6","","8.7","","88","","25","","9","","24.1","","99.71","","","","","","NA"
"2013-05-16 00:00","2013","05","16","00:00","‡","11.9","","8.6","","80","","21","","18","","24.1","","99.74","","","","","","NA"
"2013-05-16 01:00","2013","05","16","01:00","‡","11.7","","9.1","","84","","22","","10","","24.1","","99.72","","","","","","Cloudy"
"2013-05-16 02:00","2013","05","16","02:00","‡","11.8","","9.4","","85","","29","","1","","24.1","","99.68","","","","","","NA"
"2013-05-16 03:00","2013","05","16","03:00","‡","11.2","","9.1","","87","","22","","15","","24.1","","99.66","","","","","","NA"
"2013-05-16 04:00","2013","05","16","04:00","‡","10.4","","7.7","","83","","23","","18","","24.1","","99.66","","","","","","Clear"
"2013-05-16 05:00","2013","05","16","05:00","‡","10.0","","6.7","","80","","25","","16","","24.1","","99.74","","","","","","NA"
"2013-05-16 06:00","2013","05","16","06:00","‡","11.3","","6.5","","72","","25","","23","","48.3","","99.78","","","","","","NA"
"2013-05-16 07:00","2013","05","16","07:00","‡","12.8","","6.7","","66","","25","","25","","48.3","","99.83","","","","","","Mainly Clear"
"2013-05-16 08:00","2013","05","16","08:00","‡","14.7","","7.1","","60","","26","","21","","48.3","","99.85","","","","","","NA"
"2013-05-16 09:00","2013","05","16","09:00","‡","16.1","","5.2","","48","","29","","27","","48.3","","99.83","","","","","","NA"
"2013-05-16 10:00","2013","05","16","10:00","‡","17.1","","7.0","","51","","24","","18","","48.3","","99.84","","","","","","Mostly Cloudy"
"2013-05-16 11:00","2013","05","16","11:00","‡","16.5","","4.9","","46","","26","","20","","48.3","","99.84","","","","","","NA"
"2013-05-16 12:00","2013","05","16","12:00","‡","13.9","","7.3","","64","","33","","26","","48.3","","99.95","","","","","","NA"
"2013-05-16 13:00","2013","05","16","13:00","‡","12.7","","6.6","","66","","32","","23","","48.3","","100.06","","","","","","Cloudy"
"2013-05-16 14:00","2013","05","16","14:00","‡","14.3","","5.2","","54","","30","","30","","48.3","","100.08","","","","","","NA"
"2013-05-16 15:00","2013","05","16","15:00","‡","14.5","","3.1","","46","","30","","31","","48.3","","100.13","","","","","","NA"
"2013-05-16 16:00","2013","05","16","16:00","‡","13.8","","3.9","","51","","32","","21","","48.3","","100.25","","","","","","Mostly Cloudy"
"2013-05-16 17:00","2013","05","16","17:00","‡","14.4","","3.6","","48","","31","","30","","48.3","","100.32","","","","","","NA"
"2013-05-16 18:00","2013","05","16","18:00","‡","12.9","","3.6","","53","","31","","31","","48.3","","100.46","","","","","","NA"
"2013-05-16 19:00","2013","05","16","19:00","‡","11.4","","3.5","","58","","32","","18","","48.3","","100.60","","","","","","Mostly Cloudy"
"2013-05-16 20:00","2013","05","16","20:00","‡","10.4","","3.0","","60","","31","","20","","24.1","","100.73","","","","","","NA"
"2013-05-16 21:00","2013","05","16","21:00","‡","9.9","","3.2","","63","","30","","16","","24.1","","100.83","","","","","","NA"
"2013-05-16 22:00","2013","05","16","22:00","‡","9.5","","3.7","","67","","28","","9","","24.1","","100.86","","","","","","Mostly Cloudy"
"2013-05-16 23:00","2013","05","16","23:00","‡","9.4","","4.0","","69","","28","","13","","24.1","","100.89","","","","","","NA"
"2013-05-17 00:00","2013","05","17","00:00","‡","9.3","","4.3","","71","","28","","14","","24.1","","100.93","","","","","","NA"
"2013-05-17 01:00","2013","05","17","01:00","‡","9.4","","4.6","","72","","29","","15","","24.1","","100.95","","","","","","Mostly Cloudy"
"2013-05-17 02:00","2013","05","17","02:00","‡","8.8","","4.6","","75","","29","","18","","24.1","","101.01","","","","","","NA"
"2013-05-17 03:00","2013","05","17","03:00","‡","7.8","","4.8","","81","","29","","14","","24.1","","101.09","","","","","","NA"
"2013-05-17 04:00","2013","05","17","04:00","‡","7.1","","4.8","","85","","29","","13","","24.1","","101.15","","","","","","Clear"
"2013-05-17 05:00","2013","05","17","05:00","‡","6.7","","4.7","","87","","30","","12","","24.1","","101.23","","","","","","NA"
"2013-05-17 06:00","2013","05","17","06:00","‡","9.2","","5.2","","76","","32","","13","","24.1","","101.36","","","","","","NA"
"2013-05-17 07:00","2013","05","17","07:00","‡","10.8","","5.4","","69","","1","","9","","48.3","","101.42","","","","","","Clear"
"2013-05-17 08:00","2013","05","17","08:00","‡","11.9","","4.9","","62","","31","","10","","48.3","","101.49","","","","","","NA"
"2013-05-17 09:00","2013","05","17","09:00","‡","13.0","","5.0","","58","","9","","3","","48.3","","101.54","","","","","","NA"
"2013-05-17 10:00","2013","05","17","10:00","‡","14.5","","6.7","","59","","19","","17","","48.3","","101.56","","","","","","Mainly Clear"
"2013-05-17 11:00","2013","05","17","11:00","‡","15.3","","6.1","","54","","19","","19","","48.3","","101.56","","","","","","NA"
"2013-05-17 12:00","2013","05","17","12:00","‡","17.4","","5.8","","46","","22","","16","","48.3","","101.53","","","","","","NA"
"2013-05-17 13:00","2013","05","17","13:00","‡","15.6","","5.9","","52","","10","","6","","48.3","","101.53","","","","","","Mostly Cloudy"
"2013-05-17 14:00","2013","05","17","14:00","‡","18.4","","6.4","","45","","18","","10","","48.3","","101.51","","","","","","NA"
"2013-05-17 15:00","2013","05","17","15:00","‡","19.2","","3.9","","36","","24","","15","","48.3","","101.49","","","","","","NA"
"2013-05-17 16:00","2013","05","17","16:00","‡","18.7","","2.2","","33","","23","","9","","48.3","","101.51","","","","","","Mostly Cloudy"
"2013-05-17 17:00","2013","05","17","17:00","‡","18.8","","5.8","","42","","5","","12","","48.3","","101.53","","","","","","NA"
"2013-05-17 18:00","2013","05","17","18:00","‡","17.8","","4.1","","40","","4","","9","","48.3","","101.59","","","","","","NA"
"2013-05-17 19:00","2013","05","17","19:00","‡","15.3","","4.7","","49","","6","","10","","48.3","","101.65","","","","","","Mainly Clear"
"2013-05-17 20:00","2013","05","17","20:00","‡","14.6","","5.2","","53","","5","","17","","24.1","","101.73","","","","","","NA"
"2013-05-17 21:00","2013","05","17","21:00","‡","14.9","","4.9","","51","","14","","6","","24.1","","101.80","","","","","","NA"
"2013-05-17 22:00","2013","05","17","22:00","‡","13.0","","5.7","","61","","12","","6","","24.1","","101.83","","","","","","Clear"
"2013-05-17 23:00","2013","05","17","23:00","‡","11.5","","5.4","","66","","24","","3","","24.1","","101.86","","","","","","NA"
"2013-05-18 00:00","2013","05","18","00:00","‡","10.8","","6.2","","73","","22","","7","","24.1","","101.89","","","","","","NA"
"2013-05-18 01:00","2013","05","18","01:00","‡","10.4","","6.0","","74","","24","","4","","24.1","","101.88","","","","","","Mainly Clear"
"2013-05-18 02:00","2013","05","18","02:00","‡","8.4","","5.0","","79","","34","","2","","24.1","","101.90","","","","","","NA"
"2013-05-18 03:00","2013","05","18","03:00","‡","7.2","","4.9","","85","","25","","4","","24.1","","101.94","","","","","","NA"
"2013-05-18 04:00","2013","05","18","04:00","‡","7.9","","5.0","","82","","23","","7","","24.1","","101.98","","","","","","Clear"
"2013-05-18 05:00","2013","05","18","05:00","‡","8.1","","5.4","","83","","22","","6","","24.1","","102.03","","","","","","NA"
"2013-05-18 06:00","2013","05","18","06:00","‡","10.0","","6.6","","79","","25","","2","","48.3","","102.12","","","","","","NA"
"2013-05-18 07:00","2013","05","18","07:00","‡","11.6","","7.4","","75","","20","","2","","48.3","","102.17","","","","","","Clear"
"2013-05-18 08:00","2013","05","18","08:00","‡","14.1","","7.9","","66","","13","","5","","48.3","","102.18","","","","","","NA"
"2013-05-18 09:00","2013","05","18","09:00","‡","15.6","","7.2","","57","","16","","4","","48.3","","102.17","","","","","","NA"
"2013-05-18 10:00","2013","05","18","10:00","‡","17.7","","8.1","","53","","14","","8","","48.3","","102.15","","","","","","Clear"
"2013-05-18 11:00","2013","05","18","11:00","‡","19.5","","5.7","","40","","14","","5","","48.3","","102.10","","","","","","NA"
"2013-05-18 12:00","2013","05","18","12:00","‡","20.8","","2.8","","30","","19","","13","","48.3","","102.05","","","","","","NA"
"2013-05-18 13:00","2013","05","18","13:00","‡","20.7","","1.7","","28","","24","","15","","48.3","","101.98","","","","","","Mainly Clear"
"2013-05-18 14:00","2013","05","18","14:00","‡","21.6","","2.0","","27","","18","","12","","48.3","","101.94","","","","","","NA"
"2013-05-18 15:00","2013","05","18","15:00","‡","21.4","","0.2","","24","","22","","9","","48.3","","101.90","","","","","","NA"
"2013-05-18 16:00","2013","05","18","16:00","‡","21.2","","0.6","","25","","17","","15","","48.3","","101.89","","","","","","Mainly Clear"
"2013-05-18 17:00","2013","05","18","17:00","‡","21.5","","0.3","","24","","19","","13","","48.3","","101.87","","","","","","NA"
"2013-05-18 18:00","2013","05","18","18:00","‡","20.9","","-1.5","","22","","23","","5","","48.3","","101.86","","","","","","NA"
"2013-05-18 19:00","2013","05","18","19:00","‡","20.2","","0.2","","26","","16","","10","","24.1","","101.87","","","","","","Mostly Cloudy"
"2013-05-18 20:00","2013","05","18","20:00","‡","18.5","","1.6","","32","","14","","10","","24.1","","101.88","","","","","","NA"
"2013-05-18 21:00","2013","05","18","21:00","‡","16.1","","3.3","","42","","12","","4","","24.1","","101.91","","","","","","NA"
"2013-05-18 22:00","2013","05","18","22:00","‡","14.0","","4.9","","54","","27","","1","","24.1","","101.90","","","","","","Clear"
"2013-05-18 23:00","2013","05","18","23:00","‡","13.3","","5.3","","58","","6","","3","","24.1","","101.89","","","","","","NA"
"2013-05-19 00:00","2013","05","19","00:00","‡","13.4","","3.3","","50","","6","","6","","24.1","","101.89","","","","","","NA"
"2013-05-19 01:00","2013","05","19","01:00","‡","12.2","","3.5","","55","","5","","4","","24.1","","101.88","","","","","","Clear"
"2013-05-19 02:00","2013","05","19","02:00","‡","10.0","","5.4","","73","","3","","14","","24.1","","101.92","","","","","","NA"
"2013-05-19 03:00","2013","05","19","03:00","‡","9.7","","6.8","","82","","3","","17","","24.1","","101.96","","","","","","NA"
"2013-05-19 04:00","2013","05","19","04:00","‡","9.2","","6.5","","83","","2","","19","","24.1","","101.99","","","","","","Mostly Cloudy"
"2013-05-19 05:00","2013","05","19","05:00","‡","8.6","","5.7","","82","","3","","18","","24.1","","102.02","","","","","","NA"
"2013-05-19 06:00","2013","05","19","06:00","‡","9.8","","6.2","","78","","3","","18","","24.1","","102.02","","","","","","NA"
"2013-05-19 07:00","2013","05","19","07:00","‡","10.9","","6.3","","73","","2","","15","","48.3","","102.05","","","","","","Cloudy"
"2013-05-19 08:00","2013","05","19","08:00","‡","13.1","","7.4","","68","","2","","13","","48.3","","102.03","","","","","","NA"
"2013-05-19 09:00","2013","05","19","09:00","‡","15.0","","8.5","","65","","7","","7","","48.3","","102.00","","","","","","NA"
"2013-05-19 10:00","2013","05","19","10:00","‡","17.0","","9.3","","60","","6","","7","","48.3","","101.99","","","","","","Cloudy"
"2013-05-19 11:00","2013","05","19","11:00","‡","18.9","","10.0","","56","","9","","12","","48.3","","101.92","","","","","","NA"
"2013-05-19 12:00","2013","05","19","12:00","‡","19.5","","9.5","","52","","13","","14","","48.3","","101.82","","","","","","NA"
"2013-05-19 13:00","2013","05","19","13:00","‡","20.3","","8.8","","47","","14","","16","","48.3","","101.73","","","","","","Cloudy"
"2013-05-19 14:00","2013","05","19","14:00","‡","19.9","","9.6","","51","","15","","23","","24.1","","101.67","","","","","","NA"
"2013-05-19 15:00","2013","05","19","15:00","‡","19.3","","10.9","","58","","16","","25","","24.1","","101.58","","","","","","NA"
"2013-05-19 16:00","2013","05","19","16:00","‡","18.7","","11.1","","61","","14","","29","","24.1","","101.56","","","","","","Cloudy"
"2013-05-19 17:00","2013","05","19","17:00","‡","16.5","","12.9","","79","","17","","21","","19.3","","101.58","","","","","","Rain Showers"
"2013-05-19 18:00","2013","05","19","18:00","‡","15.1","","13.0","","87","","15","","27","","24.1","","101.49","","","","","","Rain Showers"
"2013-05-19 19:00","2013","05","19","19:00","‡","14.3","","12.9","","91","","15","","24","","24.1","","101.50","","","","","","Rain Showers"
"2013-05-19 20:00","2013","05","19","20:00","‡","14.1","","12.7","","91","","15","","21","","24.1","","101.45","","","","","","NA"
"2013-05-19 21:00","2013","05","19","21:00","‡","13.8","","12.9","","94","","15","","21","","19.3","","101.42","","","","","","Rain Showers"
"2013-05-19 22:00","2013","05","19","22:00","‡","13.7","","12.8","","94","","15","","23","","19.3","","101.32","","","","","","Rain Showers"
"2013-05-19 23:00","2013","05","19","23:00","‡","13.5","","12.7","","95","","16","","18","","24.1","","101.21","","","","","","NA"
"2013-05-20 00:00","2013","05","20","00:00","‡","13.6","","12.8","","95","","15","","16","","24.1","","101.15","","","","","","Rain Showers"
"2013-05-20 01:00","2013","05","20","01:00","‡","13.6","","12.8","","95","","16","","18","","24.1","","101.09","","","","","","Cloudy"
"2013-05-20 02:00","2013","05","20","02:00","‡","13.9","","13.0","","94","","18","","9","","24.1","","101.04","","","","","","NA"
"2013-05-20 03:00","2013","05","20","03:00","‡","14.0","","13.2","","95","","19","","10","","24.1","","100.99","","","","","","NA"
"2013-05-20 04:00","2013","05","20","04:00","‡","13.6","","13.1","","97","","23","","4","","16.1","","101.05","","","","","","Rain Showers"
"2013-05-20 05:00","2013","05","20","05:00","‡","14.1","","13.5","","96","","20","","9","","24.1","","101.06","","","","","","Rain Showers"
"2013-05-20 06:00","2013","05","20","06:00","‡","14.5","","13.7","","95","","22","","13","","16.1","","101.06","","","","","","Rain"
"2013-05-20 07:00","2013","05","20","07:00","‡","15.5","","14.7","","95","","25","","15","","16.1","","101.12","","","","","","Cloudy"
"2013-05-20 08:00","2013","05","20","08:00","‡","16.2","","15.3","","94","","25","","13","","19.3","","101.18","","","","","","NA"
"2013-05-20 09:00","2013","05","20","09:00","‡","17.4","","15.6","","89","","26","","20","","19.3","","101.16","","","","","","NA"
"2013-05-20 10:00","2013","05","20","10:00","‡","18.8","","14.9","","78","","25","","17","","24.1","","101.13","","","","","","Mostly Cloudy"
"2013-05-20 11:00","2013","05","20","11:00","‡","18.6","","15.3","","81","","22","","14","","24.1","","101.13","","","","","","NA"
"2013-05-20 12:00","2013","05","20","12:00","‡","19.4","","14.3","","72","","26","","17","","24.1","","101.12","","","","","","NA"
"2013-05-20 13:00","2013","05","20","13:00","‡","20.9","","14.4","","66","","25","","20","","24.1","","101.10","","25","","","","Mostly Cloudy"
"2013-05-20 14:00","2013","05","20","14:00","‡","21.7","","13.5","","59","","26","","11","","24.1","","101.08","","25","","","","NA"
"2013-05-20 15:00","2013","05","20","15:00","‡","21.4","","13.4","","60","","22","","13","","24.1","","101.07","","","","","","NA"
"2013-05-20 16:00","2013","05","20","16:00","‡","21.4","","12.4","","56","","21","","19","","24.1","","101.08","","","","","","Mostly Cloudy"
"2013-05-20 17:00","2013","05","20","17:00","‡","21.6","","13.1","","58","","22","","15","","24.1","","101.09","","","","","","NA"
"2013-05-20 18:00","2013","05","20","18:00","‡","20.7","","13.0","","61","","18","","13","","24.1","","101.02","","","","","","NA"
"2013-05-20 19:00","2013","05","20","19:00","‡","19.3","","12.9","","66","","24","","8","","24.1","","101.04","","","","","","Mainly Clear"
"2013-05-20 20:00","2013","05","20","20:00","‡","19.3","","11.9","","62","","11","","17","","24.1","","101.00","","","","","","NA"
"2013-05-20 21:00","2013","05","20","21:00","‡","18.0","","11.2","","64","","11","","12","","24.1","","101.06","","","","","","NA"
"2013-05-20 22:00","2013","05","20","22:00","‡","17.8","","11.4","","66","","11","","13","","24.1","","101.03","","","","","","Mostly Cloudy"
"2013-05-20 23:00","2013","05","20","23:00","‡","17.3","","11.4","","68","","10","","14","","24.1","","101.04","","","","","","NA"
"2013-05-21 00:00","2013","05","21","00:00","‡","17.2","","11.3","","68","","11","","13","","24.1","","101.02","","","","","","NA"
"2013-05-21 01:00","2013","05","21","01:00","‡","16.6","","11.6","","72","","11","","10","","24.1","","100.89","","","","","","Cloudy"
"2013-05-21 02:00","2013","05","21","02:00","‡","16.6","","11.2","","70","","4","","14","","24.1","","100.86","","","","","","NA"
"2013-05-21 03:00","2013","05","21","03:00","‡","17.1","","10.3","","64","","8","","18","","24.1","","100.73","","","","","","NA"
"2013-05-21 04:00","2013","05","21","04:00","‡","15.1","","11.9","","81","","9","","16","","24.1","","100.65","","","","","","Rain Showers"
"2013-05-21 05:00","2013","05","21","05:00","‡","14.4","","12.5","","88","","6","","20","","24.1","","100.69","","","","","","Rain Showers"
"2013-05-21 06:00","2013","05","21","06:00","‡","14.2","","12.6","","90","","2","","18","","16.1","","100.78","","","","","","Rain Showers"
"2013-05-21 07:00","2013","05","21","07:00","‡","13.9","","12.8","","93","","2","","26","","24.1","","100.88","","","","","","Rain"
"2013-05-21 08:00","2013","05","21","08:00","‡","13.8","","12.4","","91","","4","","27","","24.1","","100.96","","","","","","Drizzle"
"2013-05-21 09:00","2013","05","21","09:00","‡","13.9","","12.1","","89","","3","","27","","24.1","","101.11","","","","","","NA"
"2013-05-21 10:00","2013","05","21","10:00","‡","13.8","","11.5","","86","","3","","26","","24.1","","101.13","","","","","","Cloudy"
"2013-05-21 11:00","2013","05","21","11:00","‡","15.0","","11.6","","80","","4","","27","","24.1","","101.15","","","","","","NA"
"2013-05-21 12:00","2013","05","21","12:00","‡","16.3","","11.9","","75","","5","","22","","24.1","","101.11","","","","","","NA"
"2013-05-21 13:00","2013","05","21","13:00","‡","16.7","","11.1","","69","","8","","22","","24.1","","101.09","","","","","","Cloudy"
"2013-05-21 14:00","2013","05","21","14:00","‡","18.2","","11.4","","64","","6","","24","","24.1","","101.01","","","","","","NA"
"2013-05-21 15:00","2013","05","21","15:00","‡","19.3","","11.9","","62","","7","","15","","24.1","","100.92","","","","","","NA"
"2013-05-21 16:00","2013","05","21","16:00","‡","18.5","","10.9","","61","","6","","24","","24.1","","100.90","","","","","","Cloudy"
"2013-05-21 17:00","2013","05","21","17:00","‡","18.2","","10.7","","61","","7","","25","","24.1","","100.94","","","","","","NA"
"2013-05-21 18:00","2013","05","21","18:00","‡","16.7","","11.5","","71","","5","","26","","19.3","","100.84","","","","","","Rain Showers"
"2013-05-21 19:00","2013","05","21","19:00","‡","15.8","","12.6","","81","","10","","13","","24.1","","100.83","","","","","","Rain"
"2013-05-21 20:00","2013","05","21","20:00","‡","15.0","","12.5","","85","","8","","27","","24.1","","100.47","","","","","","Rain Showers"
"2013-05-21 21:00","2013","05","21","21:00","‡","14.9","","12.6","","86","","8","","17","","24.1","","100.65","","","","","","NA"
"2013-05-21 22:00","2013","05","21","22:00","‡","14.4","","12.5","","88","","3","","16","","24.1","","100.53","","","","","","Cloudy"
"2013-05-21 23:00","2013","05","21","23:00","‡","14.0","","12.6","","91","","5","","12","","24.1","","100.45","","","","","","Rain Showers"
"2013-05-22 00:00","2013","05","22","00:00","‡","13.6","","12.2","","91","","5","","13","","24.1","","100.44","","","","","","NA"
"2013-05-22 01:00","2013","05","22","01:00","‡","13.4","","12.0","","91","","4","","14","","24.1","","100.49","","","","","","Cloudy"
"2013-05-22 02:00","2013","05","22","02:00","‡","13.3","","11.7","","90","","3","","14","","24.1","","100.44","","","","","","NA"
"2013-05-22 03:00","2013","05","22","03:00","‡","13.4","","11.8","","90","","35","","11","","24.1","","100.48","","","","","","NA"
"2013-05-22 04:00","2013","05","22","04:00","‡","13.1","","11.7","","91","","2","","11","","24.1","","100.47","","","","","","Cloudy"
"2013-05-22 05:00","2013","05","22","05:00","‡","13.1","","11.8","","92","","34","","5","","16.1","","100.52","","","","","","NA"
"2013-05-22 06:00","2013","05","22","06:00","‡","12.8","","12.2","","96","","32","","11","","8.1","","100.59","","","","","","Drizzle,Fog"
"2013-05-22 07:00","2013","05","22","07:00","‡","13.6","","12.3","","92","","1","","11","","12.9","","100.60","","","","","","Cloudy"
"2013-05-22 08:00","2013","05","22","08:00","‡","13.8","","12.5","","92","","5","","5","","16.1","","100.64","","","","","","NA"
"2013-05-22 09:00","2013","05","22","09:00","‡","14.9","","12.6","","86","","34","","4","","19.3","","100.62","","","","","","NA"
"2013-05-22 10:00","2013","05","22","10:00","‡","16.4","","13.2","","81","","26","","2","","24.1","","100.64","","","","","","Cloudy"
"2013-05-22 11:00","2013","05","22","11:00","‡","17.2","","13.0","","76","","11","","9","","24.1","","100.57","","","","","","NA"
"2013-05-22 12:00","2013","05","22","12:00","‡","18.2","","14.2","","77","","15","","15","","24.1","","100.56","","","","","","NA"
"2013-05-22 13:00","2013","05","22","13:00","‡","19.4","","14.7","","74","","8","","4","","24.1","","100.47","","","","","","Mostly Cloudy"
"2013-05-22 14:00","2013","05","22","14:00","‡","21.3","","15.9","","71","","4","","5","","19.3","","100.38","","26","","","","NA"
"2013-05-22 15:00","2013","05","22","15:00","‡","22.6","","17.2","","71","","11","","14","","19.3","","100.35","","28","","","","NA"
"2013-05-22 16:00","2013","05","22","16:00","‡","23.1","","17.4","","70","","11","","16","","19.3","","100.29","","29","","","","Cloudy"
"2013-05-22 17:00","2013","05","22","17:00","‡","21.3","","16.3","","73","","3","","20","","19.3","","100.24","","26","","","","NA"
"2013-05-22 18:00","2013","05","22","18:00","‡","19.6","","15.9","","79","","4","","20","","19.3","","100.22","","","","","","NA"
"2013-05-22 19:00","2013","05","22","19:00","‡","18.2","","16.4","","89","","4","","18","","19.3","","100.23","","","","","","Cloudy"
"2013-05-22 20:00","2013","05","22","20:00","‡","16.8","","15.2","","90","","2","","13","","19.3","","100.22","","","","","","NA"
"2013-05-22 21:00","2013","05","22","21:00","‡","16.9","","15.6","","92","","5","","8","","24.1","","100.14","","","","","","NA"
"2013-05-22 22:00","2013","05","22","22:00","‡","18.5","","17.2","","92","","8","","9","","16.1","","99.97","","","","","","Mainly Clear"
"2013-05-22 23:00","2013","05","22","23:00","‡","18.9","","17.4","","91","","9","","16","","16.1","","99.83","","","","","","Thunderstorms,Rain Showers"
"2013-05-23 00:00","2013","05","23","00:00","‡","18.2","","17.2","","94","","22","","22","","12.9","","100.04","","","","","","Thunderstorms,Rain Showers"
"2013-05-23 01:00","2013","05","23","01:00","‡","17.8","","17.3","","97","","21","","16","","24.1","","100.01","","","","","","Mostly Cloudy"
"2013-05-23 02:00","2013","05","23","02:00","‡","18.0","","17.5","","97","","22","","13","","24.1","","100.00","","","","","","NA"
"2013-05-23 03:00","2013","05","23","03:00","‡","18.1","","17.6","","97","","19","","6","","24.1","","99.96","","","","","","NA"
"2013-05-23 04:00","2013","05","23","04:00","‡","18.3","","17.5","","95","","21","","6","","16.1","","100.00","","","","","","Cloudy"
"2013-05-23 05:00","2013","05","23","05:00","‡","18.3","","17.3","","94","","17","","10","","24.1","","100.04","","","","","","NA"
"2013-05-23 06:00","2013","05","23","06:00","‡","19.7","","17.5","","87","","18","","12","","24.1","","100.06","","","","","","NA"
"2013-05-23 07:00","2013","05","23","07:00","‡","20.2","","16.9","","81","","19","","15","","24.1","","100.07","","25","","","","Cloudy"
"2013-05-23 08:00","2013","05","23","08:00","‡","19.3","","16.9","","86","","21","","16","","19.3","","100.13","","","","","","Rain"
"2013-05-23 09:00","2013","05","23","09:00","‡","20.4","","18.0","","86","","21","","23","","19.3","","100.13","","26","","","","Rain"
"2013-05-23 10:00","2013","05","23","10:00","‡","20.8","","17.5","","81","","22","","25","","19.3","","100.14","","26","","","","Rain"
"2013-05-23 11:00","2013","05","23","11:00","‡","21.7","","18.0","","79","","21","","23","","19.3","","100.14","","28","","","","NA"
"2013-05-23 12:00","2013","05","23","12:00","‡","19.6","","17.9","","90","","21","","24","","4.8","","100.12","","","","","","Thunderstorms,Rain Showers"
"2013-05-23 13:00","2013","05","23","13:00","‡","21.0","","18.8","","87","","22","","19","","24.1","","100.04","","28","","","","Mostly Cloudy"
"2013-05-23 14:00","2013","05","23","14:00","‡","21.6","","17.9","","79","","21","","18","","24.1","","100.03","","28","","","","NA"
"2013-05-23 15:00","2013","05","23","15:00","‡","21.7","","18.7","","83","","21","","13","","24.1","","100.00","","28","","","","Rain Showers"
"2013-05-23 16:00","2013","05","23","16:00","‡","21.2","","17.3","","78","","23","","23","","24.1","","99.99","","27","","","","Cloudy"
"2013-05-23 17:00","2013","05","23","17:00","‡","21.0","","16.7","","76","","22","","18","","24.1","","100.03","","26","","","","NA"
"2013-05-23 18:00","2013","05","23","18:00","‡","20.9","","17.2","","79","","26","","9","","24.1","","100.06","","26","","","","NA"
"2013-05-23 19:00","2013","05","23","19:00","‡","20.1","","17.0","","82","","28","","15","","24.1","","100.13","","25","","","","Cloudy"
"2013-05-23 20:00","2013","05","23","20:00","‡","17.1","","15.1","","88","","3","","25","","24.1","","100.22","","","","","","NA"
"2013-05-23 21:00","2013","05","23","21:00","‡","16.0","","13.9","","87","","3","","23","","24.1","","100.29","","","","","","Rain Showers"
"2013-05-23 22:00","2013","05","23","22:00","‡","14.9","","13.6","","92","","1","","17","","6.4","","100.37","","","","","","Drizzle,Fog"
"2013-05-23 23:00","2013","05","23","23:00","‡","12.3","","10.7","","90","","1","","32","","6.4","","100.39","","","","","","Drizzle,Fog"
"2013-05-24 00:00","2013","05","24","00:00","‡","10.9","","9.0","","88","","35","","24","","11.3","","100.44","","","","","","Rain"
"2013-05-24 01:00","2013","05","24","01:00","‡","9.8","","8.3","","90","","1","","23","","16.1","","100.46","","","","","","Rain"
"2013-05-24 02:00","2013","05","24","02:00","‡","9.3","","8.1","","92","","36","","18","","12.9","","100.48","","","","","","Rain"
"2013-05-24 03:00","2013","05","24","03:00","‡","8.7","","7.2","","90","","2","","24","","16.1","","100.49","","","","","","Rain"
"2013-05-24 04:00","2013","05","24","04:00","‡","8.3","","6.8","","90","","1","","22","","16.1","","100.52","","","","","","Rain"
"2013-05-24 05:00","2013","05","24","05:00","‡","8.0","","6.5","","90","","36","","17","","9.7","","100.63","","","","","","Rain"
"2013-05-24 06:00","2013","05","24","06:00","‡","7.6","","6.2","","91","","33","","17","","12.9","","100.72","","","","","","Rain"
"2013-05-24 07:00","2013","05","24","07:00","‡","7.6","","6.1","","90","","34","","18","","12.9","","100.77","","","","","","Rain"
"2013-05-24 08:00","2013","05","24","08:00","‡","7.6","","6.1","","90","","34","","17","","16.1","","100.86","","","","","","Rain"
"2013-05-24 09:00","2013","05","24","09:00","‡","7.7","","5.0","","83","","35","","23","","24.1","","100.96","","","","","","Rain"
"2013-05-24 10:00","2013","05","24","10:00","‡","8.1","","5.1","","81","","34","","22","","24.1","","101.02","","","","","","Rain"
"2013-05-24 11:00","2013","05","24","11:00","‡","8.5","","4.3","","75","","33","","22","","24.1","","101.10","","","","","","Rain"
"2013-05-24 12:00","2013","05","24","12:00","‡","9.2","","3.4","","67","","34","","22","","24.1","","101.14","","","","","","Rain"
"2013-05-24 13:00","2013","05","24","13:00","‡","8.9","","4.7","","75","","34","","21","","24.1","","101.17","","","","","","Rain"
"2013-05-24 14:00","2013","05","24","14:00","‡","9.1","","6.2","","82","","35","","14","","24.1","","101.24","","","","","","Rain"
"2013-05-24 15:00","2013","05","24","15:00","‡","9.7","","4.9","","72","","1","","19","","24.1","","101.25","","","","","","NA"
"2013-05-24 16:00","2013","05","24","16:00","‡","10.4","","4.4","","66","","35","","10","","24.1","","101.28","","","","","","Cloudy"
"2013-05-24 17:00","2013","05","24","17:00","‡","10.6","","4.8","","67","","24","","7","","24.1","","101.30","","","","","","Rain"
"2013-05-24 18:00","2013","05","24","18:00","‡","10.1","","5.9","","75","","24","","9","","24.1","","101.32","","","","","","NA"
"2013-05-24 19:00","2013","05","24","19:00","‡","9.4","","6.9","","84","","25","","9","","24.1","","101.35","","","","","","Rain Showers"
"2013-05-24 20:00","2013","05","24","20:00","‡","9.6","","7.1","","84","","31","","6","","24.1","","101.33","","","","","","Rain Showers"
"2013-05-24 21:00","2013","05","24","21:00","‡","10.9","","5.1","","67","","34","","18","","24.1","","101.34","","","","","","Rain"
"2013-05-24 22:00","2013","05","24","22:00","‡","9.9","","5.5","","74","","3","","9","","24.1","","101.39","","","","","","Rain"
"2013-05-24 23:00","2013","05","24","23:00","‡","10.0","","5.6","","74","","33","","6","","24.1","","101.42","","","","","","Rain"
"2013-05-25 00:00","2013","05","25","00:00","‡","9.3","","6.2","","81","","32","","8","","24.1","","101.44","","","","","","Rain"
"2013-05-25 01:00","2013","05","25","01:00","‡","8.7","","5.8","","82","","4","","10","","24.1","","101.39","","","","","","Cloudy"
"2013-05-25 02:00","2013","05","25","02:00","‡","8.8","","5.2","","78","","4","","9","","24.1","","101.37","","","","","","NA"
"2013-05-25 03:00","2013","05","25","03:00","‡","9.3","","1.5","","58","","36","","23","","24.1","","101.37","","","","","","NA"
"2013-05-25 04:00","2013","05","25","04:00","‡","9.0","","1.5","","59","","1","","19","","24.1","","101.38","","","","","","Cloudy"
"2013-05-25 05:00","2013","05","25","05:00","‡","8.4","","1.8","","63","","1","","19","","24.1","","101.41","","","","","","Rain Showers"
"2013-05-25 06:00","2013","05","25","06:00","‡","7.9","","1.8","","65","","3","","35","","24.1","","101.45","","","","","","Rain Showers"
"2013-05-25 07:00","2013","05","25","07:00","‡","7.4","","2.1","","69","","2","","28","","24.1","","101.50","","","","","","Rain"
"2013-05-25 08:00","2013","05","25","08:00","‡","7.6","","2.9","","72","","36","","17","","24.1","","101.48","","","","","","Rain"
"2013-05-25 09:00","2013","05","25","09:00","‡","8.8","","2.6","","65","","1","","22","","24.1","","101.47","","","","","","Rain"
"2013-05-25 10:00","2013","05","25","10:00","‡","8.7","","3.2","","68","","36","","16","","24.1","","101.46","","","","","","Rain"
"2013-05-25 11:00","2013","05","25","11:00","‡","8.8","","2.4","","64","","3","","37","","24.1","","101.46","","","","","","Rain"
"2013-05-25 12:00","2013","05","25","12:00","‡","7.8","","3.9","","76","","3","","22","","24.1","","101.42","","","","","","Rain"
"2013-05-25 13:00","2013","05","25","13:00","‡","8.2","","4.6","","78","","1","","19","","24.1","","101.44","","","","","","Rain"
"2013-05-25 14:00","2013","05","25","14:00","‡","7.8","","3.5","","74","","2","","34","","19.3","","101.46","","","","","","Rain"
"2013-05-25 15:00","2013","05","25","15:00","‡","7.3","","3.9","","79","","2","","30","","16.1","","101.50","","","","","","Rain"
"2013-05-25 16:00","2013","05","25","16:00","‡","6.8","","4.8","","87","","1","","29","","16.1","","101.49","","","","","","Rain"
"2013-05-25 17:00","2013","05","25","17:00","‡","6.8","","5.1","","89","","35","","18","","16.1","","101.44","","","","","","Rain"
"2013-05-25 18:00","2013","05","25","18:00","‡","7.2","","5.4","","88","","35","","18","","24.1","","101.37","","","","","","Rain"
"2013-05-25 19:00","2013","05","25","19:00","‡","7.8","","5.1","","83","","1","","15","","19.3","","101.33","","","","","","Rain"
"2013-05-25 20:00","2013","05","25","20:00","‡","7.4","","5.7","","89","","31","","8","","19.3","","101.32","","","","","","Rain"
"2013-05-25 21:00","2013","05","25","21:00","‡","7.6","","5.6","","87","","34","","13","","16.1","","101.31","","","","","","Rain"
"2013-05-25 22:00","2013","05","25","22:00","‡","7.4","","5.6","","88","","1","","24","","11.3","","101.26","","","","","","Rain"
"2013-05-25 23:00","2013","05","25","23:00","‡","6.9","","5.2","","89","","35","","19","","12.9","","101.20","","","","","","Rain"
"2013-05-26 00:00","2013","05","26","00:00","‡","6.9","","5.2","","89","","35","","22","","12.9","","101.15","","","","","","Rain"
"2013-05-26 01:00","2013","05","26","01:00","‡","6.7","","5.5","","92","","33","","10","","12.9","","101.07","","","","","","Rain"
"2013-05-26 02:00","2013","05","26","02:00","‡","6.6","","5.2","","91","","36","","22","","9.7","","101.02","","","","","","Rain,Fog"
"2013-05-26 03:00","2013","05","26","03:00","‡","6.4","","5.0","","91","","35","","22","","12.9","","100.98","","","","","","Moderate Drizzle"
"2013-05-26 04:00","2013","05","26","04:00","‡","6.5","","5.1","","91","","34","","21","","12.9","","100.96","","","","","","Rain"
"2013-05-26 05:00","2013","05","26","05:00","‡","6.4","","5.2","","92","","34","","17","","11.3","","101.00","","","","","","Rain"
"2013-05-26 06:00","2013","05","26","06:00","‡","6.0","","4.5","","90","","1","","18","","9.7","","101.03","","","","","","Rain,Fog"
"2013-05-26 07:00","2013","05","26","07:00","‡","6.6","","5.1","","90","","32","","16","","16.1","","101.05","","","","","","Rain"
"2013-05-26 08:00","2013","05","26","08:00","‡","7.1","","5.3","","88","","35","","21","","16.1","","101.07","","","","","","Rain"
"2013-05-26 09:00","2013","05","26","09:00","‡","7.0","","5.6","","91","","35","","13","","16.1","","101.12","","","","","","Rain"
"2013-05-26 10:00","2013","05","26","10:00","‡","7.9","","5.9","","87","","35","","21","","24.1","","101.12","","","","","","Rain"
"2013-05-26 11:00","2013","05","26","11:00","‡","8.8","","6.1","","83","","33","","22","","24.1","","101.13","","","","","","Rain"
"2013-05-26 12:00","2013","05","26","12:00","‡","9.0","","7.0","","87","","2","","16","","19.3","","101.19","","","","","","Rain"
"2013-05-26 13:00","2013","05","26","13:00","‡","10.8","","4.7","","66","","36","","35","","24.1","","101.17","","","","","","Cloudy"
"2013-05-26 14:00","2013","05","26","14:00","‡","11.0","","4.3","","63","","36","","31","","24.1","","101.24","","","","","","NA"
"2013-05-26 15:00","2013","05","26","15:00","‡","11.1","","4.4","","63","","1","","19","","24.1","","101.25","","","","","","Rain Showers"
"2013-05-26 16:00","2013","05","26","16:00","‡","11.8","","3.4","","56","","2","","14","","24.1","","101.30","","","","","","Rain Showers"
"2013-05-26 17:00","2013","05","26","17:00","‡","12.4","","3.1","","53","","3","","9","","48.3","","101.31","","","","","","NA"
"2013-05-26 18:00","2013","05","26","18:00","‡","12.2","","4.0","","57","","16","","15","","48.3","","101.29","","","","","","NA"
"2013-05-26 19:00","2013","05","26","19:00","‡","11.0","","3.8","","61","","13","","13","","24.1","","101.31","","","","","","Mainly Clear"
"2013-05-26 20:00","2013","05","26","20:00","‡","9.7","","4.3","","69","","15","","14","","24.1","","101.32","","","","","","NA"
"2013-05-26 21:00","2013","05","26","21:00","‡","8.3","","4.5","","77","","16","","9","","24.1","","101.33","","","","","","NA"
"2013-05-26 22:00","2013","05","26","22:00","‡","8.6","","4.1","","73","","15","","10","","24.1","","101.31","","","","","","Mainly Clear"
"2013-05-26 23:00","2013","05","26","23:00","‡","8.2","","4.1","","75","","19","","10","","24.1","","101.31","","","","","","NA"
"2013-05-27 00:00","2013","05","27","00:00","‡","5.3","","3.8","","90","","35","","5","","24.1","","101.32","","","","","","NA"
"2013-05-27 01:00","2013","05","27","01:00","‡","4.5","","3.8","","95","","30","","4","","24.1","","101.30","","","","","","Clear"
"2013-05-27 02:00","2013","05","27","02:00","‡","5.5","","4.0","","90","","29","","12","","24.1","","101.31","","","","","","NA"
"2013-05-27 03:00","2013","05","27","03:00","‡","6.2","","2.3","","76","","31","","13","","24.1","","101.35","","","","","","NA"
"2013-05-27 04:00","2013","05","27","04:00","‡","5.9","","1.4","","73","","30","","13","","48.3","","101.42","","","","","","Clear"
"2013-05-27 05:00","2013","05","27","05:00","‡","6.8","","1.1","","67","","30","","14","","48.3","","101.50","","","","","","NA"
"2013-05-27 06:00","2013","05","27","06:00","‡","9.1","","0.8","","56","","30","","15","","48.3","","101.56","","","","","","NA"
"2013-05-27 07:00","2013","05","27","07:00","‡","11.2","","0.9","","49","","30","","14","","48.3","","101.61","","","","","","Clear"
"2013-05-27 08:00","2013","05","27","08:00","‡","12.9","","1.0","","44","","31","","17","","48.3","","101.67","","","","","","NA"
"2013-05-27 09:00","2013","05","27","09:00","‡","15.1","","-0.2","","35","","30","","21","","48.3","","101.67","","","","","","NA"
"2013-05-27 10:00","2013","05","27","10:00","‡","16.5","","0.3","","33","","27","","24","","48.3","","101.64","","","","","","Mainly Clear"
"2013-05-27 11:00","2013","05","27","11:00","‡","17.0","","0.7","","33","","27","","20","","48.3","","101.62","","","","","","NA"
"2013-05-27 12:00","2013","05","27","12:00","‡","17.6","","-1.0","","28","","29","","20","","48.3","","101.55","","","","","","NA"
"2013-05-27 13:00","2013","05","27","13:00","‡","18.4","","-0.8","","27","","26","","18","","48.3","","101.50","","","","","","Clear"
"2013-05-27 14:00","2013","05","27","14:00","‡","19.5","","0.7","","28","","26","","22","","48.3","","101.49","","","","","","NA"
"2013-05-27 15:00","2013","05","27","15:00","‡","19.8","","0.4","","27","","26","","21","","48.3","","101.48","","","","","","NA"
"2013-05-27 16:00","2013","05","27","16:00","‡","20.1","","-2.1","","22","","28","","18","","48.3","","101.45","","","","","","Clear"
"2013-05-27 17:00","2013","05","27","17:00","‡","20.0","","-4.2","","19","","28","","22","","48.3","","101.45","","","","","","NA"
"2013-05-27 18:00","2013","05","27","18:00","‡","19.5","","-2.7","","22","","28","","19","","48.3","","101.47","","","","","","NA"
"2013-05-27 19:00","2013","05","27","19:00","‡","17.9","","-1.3","","27","","27","","11","","48.3","","101.47","","","","","","Clear"
"2013-05-27 20:00","2013","05","27","20:00","‡","15.1","","1.0","","38","","25","","10","","24.1","","101.47","","","","","","NA"
"2013-05-27 21:00","2013","05","27","21:00","‡","13.4","","2.4","","47","","25","","15","","24.1","","101.55","","","","","","NA"
"2013-05-27 22:00","2013","05","27","22:00","‡","12.5","","3.8","","55","","25","","11","","24.1","","101.60","","","","","","Clear"
"2013-05-27 23:00","2013","05","27","23:00","‡","12.4","","3.9","","56","","24","","10","","24.1","","101.63","","","","","","NA"
"2013-05-28 00:00","2013","05","28","00:00","‡","11.6","","5.1","","64","","21","","16","","24.1","","101.68","","","","","","NA"
"2013-05-28 01:00","2013","05","28","01:00","‡","12.0","","3.6","","56","","23","","6","","24.1","","101.70","","","","","","Clear"
"2013-05-28 02:00","2013","05","28","02:00","‡","10.2","","4.2","","66","","22","","10","","24.1","","101.71","","","","","","NA"
"2013-05-28 03:00","2013","05","28","03:00","‡","8.2","","4.2","","76","","25","","7","","24.1","","101.69","","","","","","NA"
"2013-05-28 04:00","2013","05","28","04:00","‡","8.9","","4.5","","74","","25","","5","","48.3","","101.76","","","","","","Mainly Clear"
"2013-05-28 05:00","2013","05","28","05:00","‡","9.4","","4.2","","70","","16","","4","","48.3","","101.78","","","","","","NA"
"2013-05-28 06:00","2013","05","28","06:00","‡","11.3","","6.3","","71","","17","","7","","48.3","","101.82","","","","","","NA"
"2013-05-28 07:00","2013","05","28","07:00","‡","12.7","","5.7","","62","","15","","4","","48.3","","101.80","","","","","","Mainly Clear"
"2013-05-28 08:00","2013","05","28","08:00","‡","14.1","","5.5","","56","","14","","6","","48.3","","101.83","","","","","","NA"
"2013-05-28 09:00","2013","05","28","09:00","‡","15.5","","4.9","","49","","11","","5","","48.3","","101.81","","","","","","NA"
"2013-05-28 10:00","2013","05","28","10:00","‡","17.9","","5.3","","43","","15","","12","","48.3","","101.81","","","","","","Mainly Clear"
"2013-05-28 11:00","2013","05","28","11:00","‡","19.8","","6.7","","42","","14","","9","","48.3","","101.80","","","","","","NA"
"2013-05-28 12:00","2013","05","28","12:00","‡","20.6","","3.5","","32","","16","","15","","48.3","","101.70","","","","","","NA"
"2013-05-28 13:00","2013","05","28","13:00","‡","21.2","","4.9","","34","","17","","16","","48.3","","101.64","","","","","","Cloudy"
"2013-05-28 14:00","2013","05","28","14:00","‡","21.6","","0.3","","24","","14","","17","","48.3","","101.59","","","","","","NA"
"2013-05-28 15:00","2013","05","28","15:00","‡","22.2","","0.9","","24","","16","","25","","48.3","","101.54","","","","","","NA"
"2013-05-28 16:00","2013","05","28","16:00","‡","22.5","","2.2","","26","","15","","23","","48.3","","101.46","","","","","","Cloudy"
"2013-05-28 17:00","2013","05","28","17:00","‡","21.5","","4.7","","33","","14","","15","","48.3","","101.40","","","","","","NA"
"2013-05-28 18:00","2013","05","28","18:00","‡","21.4","","5.5","","35","","13","","20","","48.3","","101.40","","","","","","NA"
"2013-05-28 19:00","2013","05","28","19:00","‡","20.7","","4.9","","35","","11","","19","","48.3","","101.36","","","","","","Cloudy"
"2013-05-28 20:00","2013","05","28","20:00","‡","19.7","","6.2","","41","","11","","15","","24.1","","101.34","","","","","","NA"
"2013-05-28 21:00","2013","05","28","21:00","‡","19.1","","7.0","","45","","11","","14","","24.1","","101.33","","","","","","NA"
"2013-05-28 22:00","2013","05","28","22:00","‡","18.4","","7.0","","47","","12","","16","","24.1","","101.32","","","","","","Cloudy"
"2013-05-28 23:00","2013","05","28","23:00","‡","17.2","","7.6","","53","","14","","12","","24.1","","101.29","","","","","","NA"
"2013-05-29 00:00","2013","05","29","00:00","‡","17.1","","7.5","","53","","11","","12","","24.1","","101.26","","","","","","NA"
"2013-05-29 01:00","2013","05","29","01:00","‡","16.7","","8.2","","57","","12","","17","","24.1","","101.22","","","","","","Cloudy"
"2013-05-29 02:00","2013","05","29","02:00","‡","16.5","","9.0","","61","","12","","15","","24.1","","101.18","","","","","","NA"
"2013-05-29 03:00","2013","05","29","03:00","‡","16.5","","10.4","","67","","14","","17","","24.1","","101.18","","","","","","NA"
"2013-05-29 04:00","2013","05","29","04:00","‡","16.3","","11.1","","71","","14","","28","","24.1","","101.18","","","","","","Rain Showers"
"2013-05-29 05:00","2013","05","29","05:00","‡","15.2","","12.0","","81","","14","","19","","24.1","","101.11","","","","","","Rain Showers"
"2013-05-29 06:00","2013","05","29","06:00","‡","14.9","","12.4","","85","","14","","26","","24.1","","101.12","","","","","","NA"
"2013-05-29 07:00","2013","05","29","07:00","‡","14.5","","13.2","","92","","14","","18","","16.1","","101.11","","","","","","Rain"
"2013-05-29 08:00","2013","05","29","08:00","‡","14.7","","13.1","","90","","14","","20","","19.3","","101.09","","","","","","NA"
"2013-05-29 09:00","2013","05","29","09:00","‡","14.6","","13.7","","94","","15","","15","","6.4","","101.03","","","","","","Rain"
"2013-05-29 10:00","2013","05","29","10:00","‡","15.9","","14.8","","93","","14","","18","","19.3","","100.98","","","","","","Cloudy"
"2013-05-29 11:00","2013","05","29","11:00","‡","15.5","","14.4","","93","","16","","15","","4.0","","101.00","","","","","","Rain"
"2013-05-29 12:00","2013","05","29","12:00","‡","15.8","","15.3","","97","","13","","14","","9.7","","100.93","","","","","","Rain"
"2013-05-29 13:00","2013","05","29","13:00","‡","16.6","","15.6","","94","","13","","16","","19.3","","100.89","","","","","","Rain"
"2013-05-29 14:00","2013","05","29","14:00","‡","18.8","","16.6","","87","","14","","15","","19.3","","100.82","","","","","","NA"
"2013-05-29 15:00","2013","05","29","15:00","‡","20.0","","17.1","","83","","14","","14","","19.3","","100.77","","25","","","","NA"
"2013-05-29 16:00","2013","05","29","16:00","‡","20.6","","17.1","","80","","14","","24","","24.1","","100.62","","26","","","","Cloudy"
"2013-05-29 17:00","2013","05","29","17:00","‡","18.8","","17.7","","93","","1","","10","","12.9","","100.64","","","","","","Rain Showers"
"2013-05-29 18:00","2013","05","29","18:00","‡","19.5","","17.8","","90","","8","","4","","24.1","","100.62","","","","","","NA"
"2013-05-29 19:00","2013","05","29","19:00","‡","19.1","","18.1","","94","","15","","8","","4.0","","100.64","","","","","","Thunderstorms,Moderate Rain Showers"
"2013-05-29 20:00","2013","05","29","20:00","‡","18.6","","18.1","","97","","34","","4","","12.9","","100.71","","","","","","NA"
"2013-05-29 21:00","2013","05","29","21:00","‡","17.0","","16.7","","98","","28","","3","","2.4","","100.73","","","","","","Fog"
"2013-05-29 22:00","2013","05","29","22:00","‡","17.1","","16.9","","99","","22","","9","","0.2","","100.78","","","","","","Fog"
"2013-05-29 23:00","2013","05","29","23:00","‡","18.1","","17.9","","99","","25","","12","","9.7","","100.86","","","","","","Fog"
"2013-05-30 00:00","2013","05","30","00:00","‡","18.1","","17.5","","96","","23","","11","","16.1","","100.89","","","","","","NA"
"2013-05-30 01:00","2013","05","30","01:00","‡","17.8","","16.8","","94","","25","","13","","24.1","","100.96","","","","","","Mainly Clear"
"2013-05-30 02:00","2013","05","30","02:00","‡","17.8","","16.5","","92","","25","","15","","24.1","","101.02","","","","","","NA"
"2013-05-30 03:00","2013","05","30","03:00","‡","17.1","","15.6","","91","","24","","12","","24.1","","101.05","","","","","","NA"
"2013-05-30 04:00","2013","05","30","04:00","‡","16.4","","15.3","","93","","24","","10","","24.1","","101.09","","","","","","Mainly Clear"
"2013-05-30 05:00","2013","05","30","05:00","‡","16.5","","15.4","","93","","24","","9","","24.1","","101.16","","","","","","NA"
"2013-05-30 06:00","2013","05","30","06:00","‡","17.6","","16.0","","90","","23","","14","","24.1","","101.19","","","","","","NA"
"2013-05-30 07:00","2013","05","30","07:00","‡","19.0","","16.1","","83","","24","","15","","24.1","","101.26","","","","","","Mainly Clear"
"2013-05-30 08:00","2013","05","30","08:00","‡","20.2","","16.1","","77","","26","","20","","24.1","","101.28","","25","","","","NA"
"2013-05-30 09:00","2013","05","30","09:00","‡","21.5","","15.7","","69","","26","","21","","24.1","","101.28","","26","","","","NA"
"2013-05-30 10:00","2013","05","30","10:00","‡","22.6","","15.6","","64","","26","","26","","24.1","","101.27","","27","","","","Mostly Cloudy"
"2013-05-30 11:00","2013","05","30","11:00","‡","23.1","","16.3","","65","","30","","22","","24.1","","101.31","","28","","","","NA"
"2013-05-30 12:00","2013","05","30","12:00","‡","24.7","","17.6","","64","","27","","19","","24.1","","101.26","","30","","","","NA"
"2013-05-30 13:00","2013","05","30","13:00","‡","25.2","","17.0","","60","","27","","17","","24.1","","101.23","","30","","","","Mostly Cloudy"
"2013-05-30 14:00","2013","05","30","14:00","‡","26.1","","16.8","","56","","27","","27","","24.1","","101.20","","31","","","","NA"
"2013-05-30 15:00","2013","05","30","15:00","‡","27.1","","16.9","","53","","27","","22","","24.1","","101.16","","32","","","","NA"
"2013-05-30 16:00","2013","05","30","16:00","‡","27.8","","16.9","","51","","26","","21","","24.1","","101.14","","33","","","","Mostly Cloudy"
"2013-05-30 17:00","2013","05","30","17:00","‡","27.8","","16.9","","51","","27","","17","","24.1","","101.12","","33","","","","NA"
"2013-05-30 18:00","2013","05","30","18:00","‡","27.5","","17.6","","54","","27","","14","","24.1","","101.09","","33","","","","NA"
"2013-05-30 19:00","2013","05","30","19:00","‡","25.6","","17.7","","61","","21","","13","","24.1","","101.11","","31","","","","Mainly Clear"
"2013-05-30 20:00","2013","05","30","20:00","‡","24.5","","18.3","","68","","23","","12","","24.1","","101.11","","31","","","","NA"
"2013-05-30 21:00","2013","05","30","21:00","‡","23.1","","17.9","","72","","21","","12","","24.1","","101.11","","29","","","","NA"
"2013-05-30 22:00","2013","05","30","22:00","‡","22.2","","18.1","","77","","21","","14","","24.1","","101.12","","28","","","","Mainly Clear"
"2013-05-30 23:00","2013","05","30","23:00","‡","21.6","","17.9","","79","","20","","13","","24.1","","101.12","","28","","","","NA"
"2013-05-31 00:00","2013","05","31","00:00","‡","20.2","","17.3","","83","","25","","4","","24.1","","101.12","","26","","","","NA"
"2013-05-31 01:00","2013","05","31","01:00","‡","21.2","","17.3","","78","","23","","12","","24.1","","101.14","","27","","","","Mainly Clear"
"2013-05-31 02:00","2013","05","31","02:00","‡","20.5","","17.0","","80","","22","","12","","24.1","","101.13","","26","","","","NA"
"2013-05-31 03:00","2013","05","31","03:00","‡","19.4","","16.5","","83","","21","","13","","24.1","","101.12","","","","","","NA"
"2013-05-31 04:00","2013","05","31","04:00","‡","19.5","","16.6","","83","","21","","13","","24.1","","101.14","","","","","","Mainly Clear"
"2013-05-31 05:00","2013","05","31","05:00","‡","19.5","","16.6","","83","","21","","10","","24.1","","101.16","","","","","","NA"
"2013-05-31 06:00","2013","05","31","06:00","‡","20.9","","17.0","","78","","22","","12","","24.1","","101.18","","26","","","","NA"
"2013-05-31 07:00","2013","05","31","07:00","‡","22.4","","17.6","","74","","22","","16","","19.3","","101.19","","28","","","","Mostly Cloudy"
"2013-05-31 08:00","2013","05","31","08:00","‡","24.3","","18.6","","70","","22","","11","","24.1","","101.17","","31","","","","NA"
"2013-05-31 09:00","2013","05","31","09:00","‡","25.4","","19.0","","67","","22","","22","","24.1","","101.13","","32","","","","NA"
"2013-05-31 10:00","2013","05","31","10:00","‡","27.2","","18.9","","60","","22","","24","","24.1","","101.06","","34","","","","Mainly Clear"
"2013-05-31 11:00","2013","05","31","11:00","‡","28.3","","19.7","","59","","22","","24","","24.1","","101.05","","36","","","","NA"
"2013-05-31 12:00","2013","05","31","12:00","‡","28.1","","20.6","","63","","21","","23","","24.1","","100.97","","36","","","","NA"
"2013-05-31 13:00","2013","05","31","13:00","‡","29.6","","20.4","","57","","21","","26","","48.3","","100.93","","38","","","","Mainly Clear"
"2013-05-31 14:00","2013","05","31","14:00","‡","30.6","","20.2","","53","","21","","26","","48.3","","100.87","","38","","","","NA"
"2013-05-31 15:00","2013","05","31","15:00","‡","31.2","","18.1","","45","","22","","32","","48.3","","100.75","","37","","","","NA"
"2013-05-31 16:00","2013","05","31","16:00","‡","31.4","","17.6","","43","","23","","28","","48.3","","100.66","","37","","","","Mainly Clear"
"2013-05-31 17:00","2013","05","31","17:00","‡","31.2","","15.9","","39","","24","","42","","48.3","","100.65","","36","","","","NA"
"2013-05-31 18:00","2013","05","31","18:00","‡","29.3","","16.0","","44","","23","","33","","48.3","","100.67","","34","","","","NA"
"2013-05-31 19:00","2013","05","31","19:00","‡","27.6","","16.4","","50","","22","","24","","24.1","","100.66","","32","","","","Mostly Cloudy"
"2013-05-31 20:00","2013","05","31","20:00","‡","26.3","","16.1","","53","","23","","21","","24.1","","100.68","","31","","","","NA"
"2013-05-31 21:00","2013","05","31","21:00","‡","25.6","","16.3","","56","","23","","23","","24.1","","100.71","","30","","","","NA"
"2013-05-31 22:00","2013","05","31","22:00","‡","24.8","","16.7","","60","","22","","20","","24.1","","100.69","","30","","","","Mainly Clear"
"2013-05-31 23:00","2013","05","31","23:00","‡","23.6","","16.5","","64","","23","","18","","24.1","","100.70","","29","","","","NA"
